-- MySQL dump 10.13  Distrib 8.4.8, for Win64 (x86_64)
--
-- Host: localhost    Database: ecommerce_db
-- ------------------------------------------------------
-- Server version	8.4.8
/*!40103 SET @OLD_TIME_ZONE=@@TIME_ZONE */;
/*!40103 SET TIME_ZONE='+00:00' */;
/*!40014 SET @OLD_UNIQUE_CHECKS=@@UNIQUE_CHECKS, UNIQUE_CHECKS=0 */;
/*!40014 SET @OLD_FOREIGN_KEY_CHECKS=@@FOREIGN_KEY_CHECKS, FOREIGN_KEY_CHECKS=0 */;
/*!40101 SET @OLD_SQL_MODE=@@SQL_MODE, SQL_MODE='NO_AUTO_VALUE_ON_ZERO,ANSI' */;
/*!40111 SET @OLD_SQL_NOTES=@@SQL_NOTES, SQL_NOTES=0 */;

--
-- Dumping data for table "cart"
--

LOCK TABLES "cart" WRITE;
/*!40000 ALTER TABLE "cart" DISABLE KEYS */;
/*!40000 ALTER TABLE "cart" ENABLE KEYS */;
UNLOCK TABLES;

--
-- Dumping data for table "categories"
--

LOCK TABLES "categories" WRITE;
/*!40000 ALTER TABLE "categories" DISABLE KEYS */;
INSERT INTO "categories" ("id", "name", "description", "image", "is_active", "created_at") VALUES (1,'Electronics','Gadgets, devices, and electronic accessories',NULL,1,'2026-02-21 07:32:36');
INSERT INTO "categories" ("id", "name", "description", "image", "is_active", "created_at") VALUES (2,'Clothing','Fashion items for men and women',NULL,1,'2026-02-21 07:32:36');
INSERT INTO "categories" ("id", "name", "description", "image", "is_active", "created_at") VALUES (4,'Electronics','Electronic devices and accessories',NULL,1,'2026-02-22 15:06:24');
INSERT INTO "categories" ("id", "name", "description", "image", "is_active", "created_at") VALUES (5,'Fashion','Clothing, shoes, and accessories',NULL,1,'2026-02-22 15:06:24');
INSERT INTO "categories" ("id", "name", "description", "image", "is_active", "created_at") VALUES (6,'Home & Garden','Products for home and garden',NULL,1,'2026-02-22 15:06:24');
INSERT INTO "categories" ("id", "name", "description", "image", "is_active", "created_at") VALUES (7,'Books','Books and publications',NULL,1,'2026-02-22 15:06:24');
INSERT INTO "categories" ("id", "name", "description", "image", "is_active", "created_at") VALUES (8,'Sports','Sports equipment and accessories',NULL,1,'2026-02-22 15:06:24');
INSERT INTO "categories" ("id", "name", "description", "image", "is_active", "created_at") VALUES (10,'electom','thisfjj',NULL,1,'2026-03-01 11:08:29');
INSERT INTO "categories" ("id", "name", "description", "image", "is_active", "created_at") VALUES (11,'library',NULL,NULL,1,'2026-03-01 11:19:56');
INSERT INTO "categories" ("id", "name", "description", "image", "is_active", "created_at") VALUES (13,'fgt','tyyhh',NULL,1,'2026-03-08 08:17:22');
/*!40000 ALTER TABLE "categories" ENABLE KEYS */;
UNLOCK TABLES;

--
-- Dumping data for table "notification_preferences"
--

LOCK TABLES "notification_preferences" WRITE;
/*!40000 ALTER TABLE "notification_preferences" DISABLE KEYS */;
INSERT INTO "notification_preferences" ("id", "user_id", "email_notifications", "sms_notifications", "push_notifications", "order_updates", "payment_updates", "product_updates", "promotional_offers", "seller_updates", "admin_alerts", "marketing_emails", "created_at", "updated_at") VALUES (1,6,1,0,1,1,1,1,1,0,0,0,'2026-03-04 00:50:30',NULL);
INSERT INTO "notification_preferences" ("id", "user_id", "email_notifications", "sms_notifications", "push_notifications", "order_updates", "payment_updates", "product_updates", "promotional_offers", "seller_updates", "admin_alerts", "marketing_emails", "created_at", "updated_at") VALUES (2,1,1,0,1,1,1,1,1,0,0,0,'2026-03-04 00:50:30',NULL);
INSERT INTO "notification_preferences" ("id", "user_id", "email_notifications", "sms_notifications", "push_notifications", "order_updates", "payment_updates", "product_updates", "promotional_offers", "seller_updates", "admin_alerts", "marketing_emails", "created_at", "updated_at") VALUES (3,2,1,0,1,1,1,1,1,0,0,0,'2026-03-04 00:50:30',NULL);
INSERT INTO "notification_preferences" ("id", "user_id", "email_notifications", "sms_notifications", "push_notifications", "order_updates", "payment_updates", "product_updates", "promotional_offers", "seller_updates", "admin_alerts", "marketing_emails", "created_at", "updated_at") VALUES (4,23,1,0,1,1,1,1,1,0,0,0,'2026-03-04 00:50:30',NULL);
INSERT INTO "notification_preferences" ("id", "user_id", "email_notifications", "sms_notifications", "push_notifications", "order_updates", "payment_updates", "product_updates", "promotional_offers", "seller_updates", "admin_alerts", "marketing_emails", "created_at", "updated_at") VALUES (5,8,1,0,1,1,1,1,1,0,0,0,'2026-03-04 00:50:30',NULL);
INSERT INTO "notification_preferences" ("id", "user_id", "email_notifications", "sms_notifications", "push_notifications", "order_updates", "payment_updates", "product_updates", "promotional_offers", "seller_updates", "admin_alerts", "marketing_emails", "created_at", "updated_at") VALUES (6,10,1,0,1,1,1,1,1,0,0,0,'2026-03-04 00:50:30',NULL);
INSERT INTO "notification_preferences" ("id", "user_id", "email_notifications", "sms_notifications", "push_notifications", "order_updates", "payment_updates", "product_updates", "promotional_offers", "seller_updates", "admin_alerts", "marketing_emails", "created_at", "updated_at") VALUES (7,22,1,0,1,1,1,1,1,0,0,0,'2026-03-04 00:50:30',NULL);
INSERT INTO "notification_preferences" ("id", "user_id", "email_notifications", "sms_notifications", "push_notifications", "order_updates", "payment_updates", "product_updates", "promotional_offers", "seller_updates", "admin_alerts", "marketing_emails", "created_at", "updated_at") VALUES (8,15,1,0,1,1,1,1,1,0,0,0,'2026-03-04 00:50:30',NULL);
INSERT INTO "notification_preferences" ("id", "user_id", "email_notifications", "sms_notifications", "push_notifications", "order_updates", "payment_updates", "product_updates", "promotional_offers", "seller_updates", "admin_alerts", "marketing_emails", "created_at", "updated_at") VALUES (9,9,1,0,1,1,1,1,1,0,0,0,'2026-03-04 00:50:30',NULL);
INSERT INTO "notification_preferences" ("id", "user_id", "email_notifications", "sms_notifications", "push_notifications", "order_updates", "payment_updates", "product_updates", "promotional_offers", "seller_updates", "admin_alerts", "marketing_emails", "created_at", "updated_at") VALUES (10,21,1,0,1,1,1,1,1,0,0,0,'2026-03-04 00:50:30',NULL);
INSERT INTO "notification_preferences" ("id", "user_id", "email_notifications", "sms_notifications", "push_notifications", "order_updates", "payment_updates", "product_updates", "promotional_offers", "seller_updates", "admin_alerts", "marketing_emails", "created_at", "updated_at") VALUES (11,5,1,0,1,1,1,1,1,0,0,0,'2026-03-04 00:50:30',NULL);
INSERT INTO "notification_preferences" ("id", "user_id", "email_notifications", "sms_notifications", "push_notifications", "order_updates", "payment_updates", "product_updates", "promotional_offers", "seller_updates", "admin_alerts", "marketing_emails", "created_at", "updated_at") VALUES (12,3,1,0,1,1,1,1,1,0,0,0,'2026-03-04 00:50:30',NULL);
/*!40000 ALTER TABLE "notification_preferences" ENABLE KEYS */;
UNLOCK TABLES;

--
-- Dumping data for table "notification_templates"
--

LOCK TABLES "notification_templates" WRITE;
/*!40000 ALTER TABLE "notification_templates" DISABLE KEYS */;
INSERT INTO "notification_templates" ("id", "type", "title_template", "message_template", "priority", "action_url_template", "is_active", "created_at", "updated_at") VALUES (1,'order','Order #{order_number} Confirmed','Your order #{order_number} has been confirmed and is being processed.','medium','/orders/{order_id}',1,'2026-03-01 11:25:13',NULL);
INSERT INTO "notification_templates" ("id", "type", "title_template", "message_template", "priority", "action_url_template", "is_active", "created_at", "updated_at") VALUES (2,'order','Order #{order_number} Shipped','Your order #{order_number} has been shipped! Tracking number: {tracking_number}','high','/orders/{order_id}',1,'2026-03-01 11:25:13',NULL);
INSERT INTO "notification_templates" ("id", "type", "title_template", "message_template", "priority", "action_url_template", "is_active", "created_at", "updated_at") VALUES (3,'order','Order #{order_number} Delivered','Your order #{order_number} has been delivered. Enjoy your purchase!','high','/orders/{order_id}',1,'2026-03-01 11:25:13',NULL);
INSERT INTO "notification_templates" ("id", "type", "title_template", "message_template", "priority", "action_url_template", "is_active", "created_at", "updated_at") VALUES (4,'order','Order #{order_number} Cancelled','Your order #{order_number} has been cancelled. Refund will be processed within 5-7 business days.','urgent','/orders/{order_id}',1,'2026-03-01 11:25:13',NULL);
INSERT INTO "notification_templates" ("id", "type", "title_template", "message_template", "priority", "action_url_template", "is_active", "created_at", "updated_at") VALUES (5,'payment','Payment Received','Payment of {amount} Br for order #{order_number} has been received successfully.','high','/orders/{order_id}',1,'2026-03-01 11:25:13',NULL);
INSERT INTO "notification_templates" ("id", "type", "title_template", "message_template", "priority", "action_url_template", "is_active", "created_at", "updated_at") VALUES (6,'payment','Payment Failed','Payment for order #{order_number} failed. Please update your payment method.','urgent','/checkout',1,'2026-03-01 11:25:13',NULL);
INSERT INTO "notification_templates" ("id", "type", "title_template", "message_template", "priority", "action_url_template", "is_active", "created_at", "updated_at") VALUES (7,'product','Product Approved','Your product \"{product_name}\" has been approved and is now live on the store.','medium','/seller/products/{product_id}',1,'2026-03-01 11:25:13',NULL);
INSERT INTO "notification_templates" ("id", "type", "title_template", "message_template", "priority", "action_url_template", "is_active", "created_at", "updated_at") VALUES (8,'product','Product Rejected','Your product \"{product_name}\" has been rejected. Reason: {reason}','high','/seller/products/{product_id}',1,'2026-03-01 11:25:13',NULL);
INSERT INTO "notification_templates" ("id", "type", "title_template", "message_template", "priority", "action_url_template", "is_active", "created_at", "updated_at") VALUES (9,'seller','New Order Received','You have received a new order #{order_number} for {amount} Br.','urgent','/seller/orders/{order_id}',1,'2026-03-01 11:25:13',NULL);
INSERT INTO "notification_templates" ("id", "type", "title_template", "message_template", "priority", "action_url_template", "is_active", "created_at", "updated_at") VALUES (10,'seller','Seller Account Approved','Congratulations! Your seller account has been approved. You can now start selling.','high','/seller/dashboard',1,'2026-03-01 11:25:13',NULL);
INSERT INTO "notification_templates" ("id", "type", "title_template", "message_template", "priority", "action_url_template", "is_active", "created_at", "updated_at") VALUES (11,'admin','New Seller Registration','A new seller \"{business_name}\" has registered and is pending approval.','high','/admin/sellers/pending',1,'2026-03-01 11:25:13',NULL);
INSERT INTO "notification_templates" ("id", "type", "title_template", "message_template", "priority", "action_url_template", "is_active", "created_at", "updated_at") VALUES (12,'admin','New Product Approval Needed','New product \"{product_name}\" submitted by {seller_name} needs approval.','high','/admin/products/pending',1,'2026-03-01 11:25:13',NULL);
INSERT INTO "notification_templates" ("id", "type", "title_template", "message_template", "priority", "action_url_template", "is_active", "created_at", "updated_at") VALUES (13,'system','Welcome to E-Store','Welcome {user_name}! Thank you for joining E-Store. Start exploring our amazing products!','low','/products',1,'2026-03-01 11:25:13',NULL);
INSERT INTO "notification_templates" ("id", "type", "title_template", "message_template", "priority", "action_url_template", "is_active", "created_at", "updated_at") VALUES (14,'system','Account Verified','Your email has been verified successfully. Your account is now fully activated.','low','/profile',1,'2026-03-01 11:25:13',NULL);
INSERT INTO "notification_templates" ("id", "type", "title_template", "message_template", "priority", "action_url_template", "is_active", "created_at", "updated_at") VALUES (15,'promotion','Flash Sale Alert!','Flash sale starting now! Up to 50% off on selected items. Hurry, limited time offer!','high','/products?flash-sale=true',1,'2026-03-01 11:25:13',NULL);
INSERT INTO "notification_templates" ("id", "type", "title_template", "message_template", "priority", "action_url_template", "is_active", "created_at", "updated_at") VALUES (16,'promotion','New Arrivals','Check out our latest arrivals! New products added just for you.','medium','/products?sort=newest',1,'2026-03-01 11:25:13',NULL);
/*!40000 ALTER TABLE "notification_templates" ENABLE KEYS */;
UNLOCK TABLES;

--
-- Dumping data for table "notifications"
--

LOCK TABLES "notifications" WRITE;
/*!40000 ALTER TABLE "notifications" DISABLE KEYS */;
/*!40000 ALTER TABLE "notifications" ENABLE KEYS */;
UNLOCK TABLES;

--
-- Dumping data for table "order_items"
--

LOCK TABLES "order_items" WRITE;
/*!40000 ALTER TABLE "order_items" DISABLE KEYS */;
INSERT INTO "order_items" ("id", "order_id", "product_id", "variant_id", "seller_id", "quantity", "price", "total", "seller_amount", "platform_fee", "created_at") VALUES (1,1,8,NULL,5,1,675.00,675.00,607.50,67.50,'2026-03-09 16:52:25');
INSERT INTO "order_items" ("id", "order_id", "product_id", "variant_id", "seller_id", "quantity", "price", "total", "seller_amount", "platform_fee", "created_at") VALUES (2,2,8,NULL,5,1,675.00,675.00,607.50,67.50,'2026-03-09 16:54:33');
INSERT INTO "order_items" ("id", "order_id", "product_id", "variant_id", "seller_id", "quantity", "price", "total", "seller_amount", "platform_fee", "created_at") VALUES (4,4,8,NULL,5,1,675.00,675.00,607.50,67.50,'2026-03-09 17:17:01');
INSERT INTO "order_items" ("id", "order_id", "product_id", "variant_id", "seller_id", "quantity", "price", "total", "seller_amount", "platform_fee", "created_at") VALUES (5,5,7,NULL,5,1,46679.00,46679.00,42011.10,4667.90,'2026-03-09 17:17:01');
INSERT INTO "order_items" ("id", "order_id", "product_id", "variant_id", "seller_id", "quantity", "price", "total", "seller_amount", "platform_fee", "created_at") VALUES (6,6,7,NULL,5,1,46679.00,46679.00,42011.10,4667.90,'2026-03-09 17:17:01');
INSERT INTO "order_items" ("id", "order_id", "product_id", "variant_id", "seller_id", "quantity", "price", "total", "seller_amount", "platform_fee", "created_at") VALUES (7,7,7,NULL,5,1,46679.00,46679.00,42011.10,4667.90,'2026-03-09 17:17:01');
INSERT INTO "order_items" ("id", "order_id", "product_id", "variant_id", "seller_id", "quantity", "price", "total", "seller_amount", "platform_fee", "created_at") VALUES (8,8,8,NULL,5,1,675.00,675.00,607.50,67.50,'2026-03-09 17:17:01');
INSERT INTO "order_items" ("id", "order_id", "product_id", "variant_id", "seller_id", "quantity", "price", "total", "seller_amount", "platform_fee", "created_at") VALUES (9,9,8,NULL,5,1,675.00,675.00,607.50,67.50,'2026-03-09 17:17:01');
INSERT INTO "order_items" ("id", "order_id", "product_id", "variant_id", "seller_id", "quantity", "price", "total", "seller_amount", "platform_fee", "created_at") VALUES (10,10,7,NULL,5,1,46679.00,46679.00,42011.10,4667.90,'2026-03-09 17:17:01');
INSERT INTO "order_items" ("id", "order_id", "product_id", "variant_id", "seller_id", "quantity", "price", "total", "seller_amount", "platform_fee", "created_at") VALUES (11,11,7,NULL,5,1,46679.00,46679.00,42011.10,4667.90,'2026-03-09 17:17:01');
INSERT INTO "order_items" ("id", "order_id", "product_id", "variant_id", "seller_id", "quantity", "price", "total", "seller_amount", "platform_fee", "created_at") VALUES (12,12,7,NULL,5,1,46679.00,46679.00,42011.10,4667.90,'2026-03-09 17:17:02');
INSERT INTO "order_items" ("id", "order_id", "product_id", "variant_id", "seller_id", "quantity", "price", "total", "seller_amount", "platform_fee", "created_at") VALUES (13,13,7,NULL,5,1,46679.00,46679.00,42011.10,4667.90,'2026-03-09 17:17:02');
INSERT INTO "order_items" ("id", "order_id", "product_id", "variant_id", "seller_id", "quantity", "price", "total", "seller_amount", "platform_fee", "created_at") VALUES (14,13,8,NULL,5,1,675.00,675.00,607.50,67.50,'2026-03-09 17:17:02');
INSERT INTO "order_items" ("id", "order_id", "product_id", "variant_id", "seller_id", "quantity", "price", "total", "seller_amount", "platform_fee", "created_at") VALUES (16,14,7,NULL,5,1,46679.00,46679.00,42011.10,4667.90,'2026-03-09 17:17:02');
INSERT INTO "order_items" ("id", "order_id", "product_id", "variant_id", "seller_id", "quantity", "price", "total", "seller_amount", "platform_fee", "created_at") VALUES (17,14,8,NULL,5,1,675.00,675.00,607.50,67.50,'2026-03-09 17:17:02');
INSERT INTO "order_items" ("id", "order_id", "product_id", "variant_id", "seller_id", "quantity", "price", "total", "seller_amount", "platform_fee", "created_at") VALUES (19,15,7,NULL,5,1,46679.00,46679.00,42011.10,4667.90,'2026-03-09 17:17:02');
INSERT INTO "order_items" ("id", "order_id", "product_id", "variant_id", "seller_id", "quantity", "price", "total", "seller_amount", "platform_fee", "created_at") VALUES (20,16,7,NULL,5,1,46679.00,46679.00,42011.10,4667.90,'2026-03-09 17:17:02');
INSERT INTO "order_items" ("id", "order_id", "product_id", "variant_id", "seller_id", "quantity", "price", "total", "seller_amount", "platform_fee", "created_at") VALUES (21,17,8,NULL,5,5,675.00,3375.00,3037.50,337.50,'2026-03-09 17:17:02');
INSERT INTO "order_items" ("id", "order_id", "product_id", "variant_id", "seller_id", "quantity", "price", "total", "seller_amount", "platform_fee", "created_at") VALUES (22,18,7,NULL,5,1,46679.00,46679.00,42011.10,4667.90,'2026-03-09 17:17:02');
INSERT INTO "order_items" ("id", "order_id", "product_id", "variant_id", "seller_id", "quantity", "price", "total", "seller_amount", "platform_fee", "created_at") VALUES (23,19,7,NULL,5,1,46679.00,46679.00,42011.10,4667.90,'2026-03-09 17:17:02');
INSERT INTO "order_items" ("id", "order_id", "product_id", "variant_id", "seller_id", "quantity", "price", "total", "seller_amount", "platform_fee", "created_at") VALUES (24,20,7,NULL,5,1,46679.00,46679.00,42011.10,4667.90,'2026-03-09 17:17:02');
INSERT INTO "order_items" ("id", "order_id", "product_id", "variant_id", "seller_id", "quantity", "price", "total", "seller_amount", "platform_fee", "created_at") VALUES (25,21,7,NULL,5,1,46679.00,46679.00,42011.10,4667.90,'2026-03-09 17:17:02');
INSERT INTO "order_items" ("id", "order_id", "product_id", "variant_id", "seller_id", "quantity", "price", "total", "seller_amount", "platform_fee", "created_at") VALUES (26,22,8,NULL,5,1,675.00,675.00,607.50,67.50,'2026-03-09 17:17:02');
INSERT INTO "order_items" ("id", "order_id", "product_id", "variant_id", "seller_id", "quantity", "price", "total", "seller_amount", "platform_fee", "created_at") VALUES (27,23,8,NULL,5,1,675.00,675.00,607.50,67.50,'2026-03-09 17:17:02');
INSERT INTO "order_items" ("id", "order_id", "product_id", "variant_id", "seller_id", "quantity", "price", "total", "seller_amount", "platform_fee", "created_at") VALUES (29,25,8,NULL,5,1,675.00,675.00,607.50,67.50,'2026-03-10 07:03:54');
INSERT INTO "order_items" ("id", "order_id", "product_id", "variant_id", "seller_id", "quantity", "price", "total", "seller_amount", "platform_fee", "created_at") VALUES (30,26,7,NULL,5,1,46679.00,46679.00,42011.10,4667.90,'2026-03-10 07:06:41');
INSERT INTO "order_items" ("id", "order_id", "product_id", "variant_id", "seller_id", "quantity", "price", "total", "seller_amount", "platform_fee", "created_at") VALUES (31,27,7,NULL,5,1,46679.00,46679.00,42011.10,4667.90,'2026-03-10 07:10:15');
INSERT INTO "order_items" ("id", "order_id", "product_id", "variant_id", "seller_id", "quantity", "price", "total", "seller_amount", "platform_fee", "created_at") VALUES (32,28,8,NULL,5,1,675.00,675.00,607.50,67.50,'2026-03-10 07:20:00');
INSERT INTO "order_items" ("id", "order_id", "product_id", "variant_id", "seller_id", "quantity", "price", "total", "seller_amount", "platform_fee", "created_at") VALUES (33,29,7,NULL,5,1,46679.00,46679.00,42011.10,4667.90,'2026-03-10 09:24:03');
INSERT INTO "order_items" ("id", "order_id", "product_id", "variant_id", "seller_id", "quantity", "price", "total", "seller_amount", "platform_fee", "created_at") VALUES (34,30,7,NULL,5,1,46679.00,46679.00,42011.10,4667.90,'2026-03-10 09:44:25');
INSERT INTO "order_items" ("id", "order_id", "product_id", "variant_id", "seller_id", "quantity", "price", "total", "seller_amount", "platform_fee", "created_at") VALUES (35,31,8,NULL,5,1,675.00,675.00,607.50,67.50,'2026-03-10 10:35:34');
INSERT INTO "order_items" ("id", "order_id", "product_id", "variant_id", "seller_id", "quantity", "price", "total", "seller_amount", "platform_fee", "created_at") VALUES (36,32,2,NULL,1,3,1299.99,3899.97,3509.97,390.00,'2026-03-11 06:24:11');
/*!40000 ALTER TABLE "order_items" ENABLE KEYS */;
UNLOCK TABLES;

--
-- Dumping data for table "order_timeline"
--

LOCK TABLES "order_timeline" WRITE;
/*!40000 ALTER TABLE "order_timeline" DISABLE KEYS */;
INSERT INTO "order_timeline" ("id", "order_id", "status", "description", "created_at") VALUES (3,25,'processing','Order placed successfully','2026-03-10 07:03:55');
INSERT INTO "order_timeline" ("id", "order_id", "status", "description", "created_at") VALUES (4,26,'processing','Order placed successfully','2026-03-10 07:06:48');
INSERT INTO "order_timeline" ("id", "order_id", "status", "description", "created_at") VALUES (5,27,'processing','Order placed successfully','2026-03-10 07:10:18');
INSERT INTO "order_timeline" ("id", "order_id", "status", "description", "created_at") VALUES (6,28,'processing','Order placed successfully','2026-03-10 07:20:00');
INSERT INTO "order_timeline" ("id", "order_id", "status", "description", "created_at") VALUES (7,29,'processing','Order placed successfully','2026-03-10 09:24:03');
INSERT INTO "order_timeline" ("id", "order_id", "status", "description", "created_at") VALUES (8,30,'processing','Order placed successfully','2026-03-10 09:44:25');
INSERT INTO "order_timeline" ("id", "order_id", "status", "description", "created_at") VALUES (9,31,'processing','Order placed successfully','2026-03-10 10:35:34');
INSERT INTO "order_timeline" ("id", "order_id", "status", "description", "created_at") VALUES (10,32,'processing','Order placed successfully','2026-03-11 06:24:11');
/*!40000 ALTER TABLE "order_timeline" ENABLE KEYS */;
UNLOCK TABLES;

--
-- Dumping data for table "orders"
--

LOCK TABLES "orders" WRITE;
/*!40000 ALTER TABLE "orders" DISABLE KEYS */;
INSERT INTO "orders" ("id", "order_number", "user_id", "seller_id", "total_amount", "shipping_cost", "tax_amount", "discount_amount", "grand_total", "status", "payment_method", "payment_status", "transaction_id", "shipping_address", "billing_address", "tracking_number", "notes", "created_at", "updated_at") VALUES (1,'ORD-20260309-768',24,NULL,782.24,0.00,0.00,0.00,782.24,'delivered',NULL,'paid','TX-1773072171477-ywzij3hpbwp','Addis Ababa, Ethiopia, Bhirdar, et 1000, Ethiopia',NULL,'',NULL,'2026-03-09 16:52:25','2026-03-10 07:41:26');
INSERT INTO "orders" ("id", "order_number", "user_id", "seller_id", "total_amount", "shipping_cost", "tax_amount", "discount_amount", "grand_total", "status", "payment_method", "payment_status", "transaction_id", "shipping_address", "billing_address", "tracking_number", "notes", "created_at", "updated_at") VALUES (2,'ORD-20260309-104',24,NULL,782.24,0.00,0.00,0.00,782.24,'delivered',NULL,'paid','TX-1773071915588-f8s6fm4973a','Addis Ababa, Ethiopia, Bhirdar, et 1000, Ethiopia',NULL,'',NULL,'2026-03-09 16:54:33','2026-03-10 07:41:29');
INSERT INTO "orders" ("id", "order_number", "user_id", "seller_id", "total_amount", "shipping_cost", "tax_amount", "discount_amount", "grand_total", "status", "payment_method", "payment_status", "transaction_id", "shipping_address", "billing_address", "tracking_number", "notes", "created_at", "updated_at") VALUES (4,'ORD-20260309-217',24,NULL,782.24,0.00,0.00,0.00,782.24,'processing',NULL,'paid','TX-1772763014804-hoar58kyjko','Addis Ababa, Ethiopia, Bhirdar, et 1000, Ethiopia',NULL,NULL,NULL,'2026-03-09 17:17:01',NULL);
INSERT INTO "orders" ("id", "order_number", "user_id", "seller_id", "total_amount", "shipping_cost", "tax_amount", "discount_amount", "grand_total", "status", "payment_method", "payment_status", "transaction_id", "shipping_address", "billing_address", "tracking_number", "notes", "created_at", "updated_at") VALUES (5,'ORD-20260309-773',24,NULL,53686.84,0.00,0.00,0.00,53686.84,'processing',NULL,'paid','TX-1772867723921-8au9kjcvwxo','Addis Ababa, Ethiopia, Bhirdar, et 1000, Ethiopia',NULL,NULL,NULL,'2026-03-09 17:17:01',NULL);
INSERT INTO "orders" ("id", "order_number", "user_id", "seller_id", "total_amount", "shipping_cost", "tax_amount", "discount_amount", "grand_total", "status", "payment_method", "payment_status", "transaction_id", "shipping_address", "billing_address", "tracking_number", "notes", "created_at", "updated_at") VALUES (6,'ORD-20260309-215',24,NULL,53686.84,0.00,0.00,0.00,53686.84,'shipped',NULL,'paid','TX-1772868656096-1pvhnmetp3x','Addis Ababa, Ethiopia, Bhirdar, et 1000, Ethiopia',NULL,'',NULL,'2026-03-09 17:17:01','2026-03-10 07:41:41');
INSERT INTO "orders" ("id", "order_number", "user_id", "seller_id", "total_amount", "shipping_cost", "tax_amount", "discount_amount", "grand_total", "status", "payment_method", "payment_status", "transaction_id", "shipping_address", "billing_address", "tracking_number", "notes", "created_at", "updated_at") VALUES (7,'ORD-20260309-758',24,NULL,53686.84,0.00,0.00,0.00,53686.84,'processing',NULL,'paid','TX-1772869906419-994bjz772n4','Addis Ababa, Ethiopia, Bhirdar, et 1000, Ethiopia',NULL,NULL,NULL,'2026-03-09 17:17:01',NULL);
INSERT INTO "orders" ("id", "order_number", "user_id", "seller_id", "total_amount", "shipping_cost", "tax_amount", "discount_amount", "grand_total", "status", "payment_method", "payment_status", "transaction_id", "shipping_address", "billing_address", "tracking_number", "notes", "created_at", "updated_at") VALUES (8,'ORD-20260309-143',24,NULL,782.24,0.00,0.00,0.00,782.24,'delivered',NULL,'paid','TX-1772871629362-lzja5ce4aff','Addis Ababa, Ethiopia, Bhirdar, et 1000, Ethiopia',NULL,'',NULL,'2026-03-09 17:17:01','2026-03-10 07:41:17');
INSERT INTO "orders" ("id", "order_number", "user_id", "seller_id", "total_amount", "shipping_cost", "tax_amount", "discount_amount", "grand_total", "status", "payment_method", "payment_status", "transaction_id", "shipping_address", "billing_address", "tracking_number", "notes", "created_at", "updated_at") VALUES (9,'ORD-20260309-443',24,NULL,782.24,0.00,0.00,0.00,782.24,'delivered',NULL,'paid','TX-1772871645560-no2bvd2tpzm','Addis Ababa, Ethiopia, Bhirdar, et 1000, Ethiopia',NULL,'',NULL,'2026-03-09 17:17:01','2026-03-10 07:41:22');
INSERT INTO "orders" ("id", "order_number", "user_id", "seller_id", "total_amount", "shipping_cost", "tax_amount", "discount_amount", "grand_total", "status", "payment_method", "payment_status", "transaction_id", "shipping_address", "billing_address", "tracking_number", "notes", "created_at", "updated_at") VALUES (10,'ORD-20260309-786',24,NULL,53686.84,0.00,0.00,0.00,53686.84,'shipped',NULL,'paid','TX-1772872733290-5rbvokspouj','Addis Ababa, Ethiopia, Bhirdar, et 1000, Ethiopia',NULL,'',NULL,'2026-03-09 17:17:01','2026-03-10 07:41:32');
INSERT INTO "orders" ("id", "order_number", "user_id", "seller_id", "total_amount", "shipping_cost", "tax_amount", "discount_amount", "grand_total", "status", "payment_method", "payment_status", "transaction_id", "shipping_address", "billing_address", "tracking_number", "notes", "created_at", "updated_at") VALUES (11,'ORD-20260309-600',24,NULL,53686.84,0.00,0.00,0.00,53686.84,'shipped',NULL,'paid','TX-1772873371724-rvgeu29xyh','Addis Ababa, Ethiopia, Bhirdar, et 1000, Ethiopia',NULL,'',NULL,'2026-03-09 17:17:01','2026-03-10 07:41:36');
INSERT INTO "orders" ("id", "order_number", "user_id", "seller_id", "total_amount", "shipping_cost", "tax_amount", "discount_amount", "grand_total", "status", "payment_method", "payment_status", "transaction_id", "shipping_address", "billing_address", "tracking_number", "notes", "created_at", "updated_at") VALUES (12,'ORD-20260309-644',24,NULL,53686.84,0.00,0.00,0.00,53686.84,'delivered',NULL,'paid','TX-1772873678785-v0hkfw6408b','Addis Ababa, Ethiopia, Bhirdar, et 1000, Ethiopia',NULL,'',NULL,'2026-03-09 17:17:02','2026-03-10 07:40:31');
INSERT INTO "orders" ("id", "order_number", "user_id", "seller_id", "total_amount", "shipping_cost", "tax_amount", "discount_amount", "grand_total", "status", "payment_method", "payment_status", "transaction_id", "shipping_address", "billing_address", "tracking_number", "notes", "created_at", "updated_at") VALUES (13,'ORD-20260309-419',24,NULL,54463.09,0.00,0.00,0.00,54463.09,'delivered',NULL,'paid','TX-1772955074560-njo8xc3tta','fnoteselam, Bhirdar, et 1000, Ethiopia',NULL,'',NULL,'2026-03-09 17:17:02','2026-03-10 07:40:34');
INSERT INTO "orders" ("id", "order_number", "user_id", "seller_id", "total_amount", "shipping_cost", "tax_amount", "discount_amount", "grand_total", "status", "payment_method", "payment_status", "transaction_id", "shipping_address", "billing_address", "tracking_number", "notes", "created_at", "updated_at") VALUES (14,'ORD-20260309-165',24,NULL,54463.09,0.00,0.00,0.00,54463.09,'delivered',NULL,'paid','TX-1772955111130-wiqqdnfohlg','fnoteselam, Bhirdar, et 1000, Ethiopia',NULL,'',NULL,'2026-03-09 17:17:02','2026-03-10 07:40:45');
INSERT INTO "orders" ("id", "order_number", "user_id", "seller_id", "total_amount", "shipping_cost", "tax_amount", "discount_amount", "grand_total", "status", "payment_method", "payment_status", "transaction_id", "shipping_address", "billing_address", "tracking_number", "notes", "created_at", "updated_at") VALUES (15,'ORD-20260309-570',24,NULL,53686.84,0.00,0.00,0.00,53686.84,'delivered',NULL,'paid','TX-1772989431709-zzcgivtkh3m','fnoteselam, Bhirdar, et 1000, Ethiopia',NULL,'',NULL,'2026-03-09 17:17:02','2026-03-10 07:40:50');
INSERT INTO "orders" ("id", "order_number", "user_id", "seller_id", "total_amount", "shipping_cost", "tax_amount", "discount_amount", "grand_total", "status", "payment_method", "payment_status", "transaction_id", "shipping_address", "billing_address", "tracking_number", "notes", "created_at", "updated_at") VALUES (16,'ORD-20260309-354',24,NULL,53686.84,0.00,0.00,0.00,53686.84,'delivered',NULL,'paid','TX-1773038674571-ltpg0dau64','fnoteselam, Bhirdar, et 1000, Ethiopia',NULL,'',NULL,'2026-03-09 17:17:02','2026-03-10 07:40:54');
INSERT INTO "orders" ("id", "order_number", "user_id", "seller_id", "total_amount", "shipping_cost", "tax_amount", "discount_amount", "grand_total", "status", "payment_method", "payment_status", "transaction_id", "shipping_address", "billing_address", "tracking_number", "notes", "created_at", "updated_at") VALUES (17,'ORD-20260309-061',24,NULL,3887.24,0.00,0.00,0.00,3887.24,'delivered',NULL,'paid','TX-1773070476433-p0cuej362ef','Addis Ababa, Ethiopia, Bhirdar, e 1000, Ethiopia',NULL,'',NULL,'2026-03-09 17:17:02','2026-03-10 07:40:57');
INSERT INTO "orders" ("id", "order_number", "user_id", "seller_id", "total_amount", "shipping_cost", "tax_amount", "discount_amount", "grand_total", "status", "payment_method", "payment_status", "transaction_id", "shipping_address", "billing_address", "tracking_number", "notes", "created_at", "updated_at") VALUES (18,'ORD-20260309-241',24,NULL,53686.84,0.00,0.00,0.00,53686.84,'delivered',NULL,'paid','TX-1773071363953-5nr6mud9z2n','Addis Ababa, Ethiopia, Bhirdar, et 1000, Ethiopia',NULL,'',NULL,'2026-03-09 17:17:02','2026-03-10 07:41:02');
INSERT INTO "orders" ("id", "order_number", "user_id", "seller_id", "total_amount", "shipping_cost", "tax_amount", "discount_amount", "grand_total", "status", "payment_method", "payment_status", "transaction_id", "shipping_address", "billing_address", "tracking_number", "notes", "created_at", "updated_at") VALUES (19,'ORD-20260309-026',24,NULL,53686.84,0.00,0.00,0.00,53686.84,'delivered',NULL,'paid','TX-1773071567991-hqf2rxvpqnd','Addis Ababa, Ethiopia, Bhirdar, et 1000, Ethiopia',NULL,'',NULL,'2026-03-09 17:17:02','2026-03-10 07:41:05');
INSERT INTO "orders" ("id", "order_number", "user_id", "seller_id", "total_amount", "shipping_cost", "tax_amount", "discount_amount", "grand_total", "status", "payment_method", "payment_status", "transaction_id", "shipping_address", "billing_address", "tracking_number", "notes", "created_at", "updated_at") VALUES (20,'ORD-20260309-407',24,NULL,53686.84,0.00,0.00,0.00,53686.84,'delivered',NULL,'paid','TX-1773071671281-d5uc8l8p82','Addis Ababa, Ethiopia, Bhirdar, et 1000, Ethiopia',NULL,'',NULL,'2026-03-09 17:17:02','2026-03-10 07:41:09');
INSERT INTO "orders" ("id", "order_number", "user_id", "seller_id", "total_amount", "shipping_cost", "tax_amount", "discount_amount", "grand_total", "status", "payment_method", "payment_status", "transaction_id", "shipping_address", "billing_address", "tracking_number", "notes", "created_at", "updated_at") VALUES (21,'ORD-20260309-957',24,NULL,53686.84,0.00,0.00,0.00,53686.84,'processing',NULL,'paid','TX-1773075413024-iobjrhmcztd','Addis Ababa, Ethiopia, Bhirdar, et 1000, Ethiopia',NULL,NULL,NULL,'2026-03-09 17:17:02',NULL);
INSERT INTO "orders" ("id", "order_number", "user_id", "seller_id", "total_amount", "shipping_cost", "tax_amount", "discount_amount", "grand_total", "status", "payment_method", "payment_status", "transaction_id", "shipping_address", "billing_address", "tracking_number", "notes", "created_at", "updated_at") VALUES (22,'ORD-20260309-563',24,NULL,782.24,0.00,0.00,0.00,782.24,'delivered',NULL,'paid','TX-1773076156926-igcudhm2gfm','Addis Ababa, Ethiopia, Bhirdar, et 1000, Ethiopia',NULL,'',NULL,'2026-03-09 17:17:02','2026-03-10 07:41:12');
INSERT INTO "orders" ("id", "order_number", "user_id", "seller_id", "total_amount", "shipping_cost", "tax_amount", "discount_amount", "grand_total", "status", "payment_method", "payment_status", "transaction_id", "shipping_address", "billing_address", "tracking_number", "notes", "created_at", "updated_at") VALUES (23,'ORD-20260309-944',24,NULL,782.24,0.00,0.00,0.00,782.24,'processing',NULL,'paid','TX-1773076186189-o7zk3sld87','Addis Ababa, Ethiopia, Bhirdar, et 1000, Ethiopia',NULL,NULL,NULL,'2026-03-09 17:17:02',NULL);
INSERT INTO "orders" ("id", "order_number", "user_id", "seller_id", "total_amount", "shipping_cost", "tax_amount", "discount_amount", "grand_total", "status", "payment_method", "payment_status", "transaction_id", "shipping_address", "billing_address", "tracking_number", "notes", "created_at", "updated_at") VALUES (25,'ORD-26233330344',24,NULL,782.24,0.00,0.00,0.00,782.24,'processing','test','paid',NULL,'fnoteselam, Bhirdar, e 1000, Ethiopia',NULL,NULL,NULL,'2026-03-10 07:03:53',NULL);
INSERT INTO "orders" ("id", "order_number", "user_id", "seller_id", "total_amount", "shipping_cost", "tax_amount", "discount_amount", "grand_total", "status", "payment_method", "payment_status", "transaction_id", "shipping_address", "billing_address", "tracking_number", "notes", "created_at", "updated_at") VALUES (26,'ORD-26401057870',24,NULL,53686.84,0.00,0.00,0.00,53686.84,'processing','test','paid',NULL,'Addis Ababa, Ethiopia, Bhirdar, e 1000, Ethiopia',NULL,NULL,NULL,'2026-03-10 07:06:41',NULL);
INSERT INTO "orders" ("id", "order_number", "user_id", "seller_id", "total_amount", "shipping_cost", "tax_amount", "discount_amount", "grand_total", "status", "payment_method", "payment_status", "transaction_id", "shipping_address", "billing_address", "tracking_number", "notes", "created_at", "updated_at") VALUES (27,'ORD-26615580596',2,NULL,53686.84,0.00,0.00,0.00,53686.84,'delivered','test','paid',NULL,'Addis Ababa, Ethiopia, Bhirdar, e 1000, Ethiopia',NULL,'',NULL,'2026-03-10 07:10:15','2026-03-10 07:40:24');
INSERT INTO "orders" ("id", "order_number", "user_id", "seller_id", "total_amount", "shipping_cost", "tax_amount", "discount_amount", "grand_total", "status", "payment_method", "payment_status", "transaction_id", "shipping_address", "billing_address", "tracking_number", "notes", "created_at", "updated_at") VALUES (28,'ORD-27198776459',2,NULL,782.24,0.00,0.00,0.00,782.24,'delivered','test','paid',NULL,'fnoteselam, Bhirdar, et 1000, Ethiopia',NULL,'',NULL,'2026-03-10 07:19:58','2026-03-10 07:40:14');
INSERT INTO "orders" ("id", "order_number", "user_id", "seller_id", "total_amount", "shipping_cost", "tax_amount", "discount_amount", "grand_total", "status", "payment_method", "payment_status", "transaction_id", "shipping_address", "billing_address", "tracking_number", "notes", "created_at", "updated_at") VALUES (29,'ORD-34641637300',28,NULL,53686.84,0.00,0.00,0.00,53686.84,'processing','test','paid',NULL,'fnoteselam, Bhirdar, T 1000, Ethiopia',NULL,NULL,NULL,'2026-03-10 09:24:01',NULL);
INSERT INTO "orders" ("id", "order_number", "user_id", "seller_id", "total_amount", "shipping_cost", "tax_amount", "discount_amount", "grand_total", "status", "payment_method", "payment_status", "transaction_id", "shipping_address", "billing_address", "tracking_number", "notes", "created_at", "updated_at") VALUES (30,'ORD-35865649858',28,NULL,53686.84,0.00,0.00,0.00,53686.84,'processing','test','paid',NULL,'fnoteselam, Bhirdar, et 1000, Ethiopia',NULL,NULL,NULL,'2026-03-10 09:44:25',NULL);
INSERT INTO "orders" ("id", "order_number", "user_id", "seller_id", "total_amount", "shipping_cost", "tax_amount", "discount_amount", "grand_total", "status", "payment_method", "payment_status", "transaction_id", "shipping_address", "billing_address", "tracking_number", "notes", "created_at", "updated_at") VALUES (31,'ORD-38934860939',28,NULL,782.24,0.00,0.00,0.00,782.24,'processing','test','paid',NULL,'Addis Ababa, Ethiopia, Bhirdar, et 1000, Ethiopia',NULL,NULL,NULL,'2026-03-10 10:35:34',NULL);
INSERT INTO "orders" ("id", "order_number", "user_id", "seller_id", "total_amount", "shipping_cost", "tax_amount", "discount_amount", "grand_total", "status", "payment_method", "payment_status", "transaction_id", "shipping_address", "billing_address", "tracking_number", "notes", "created_at", "updated_at") VALUES (32,'ORD-10250852859',28,NULL,4490.96,0.00,0.00,0.00,4490.96,'processing','test','paid',NULL,'d, Bhirdar, et 1000, Ethiopia',NULL,NULL,NULL,'2026-03-11 06:24:11',NULL);
/*!40000 ALTER TABLE "orders" ENABLE KEYS */;
UNLOCK TABLES;

--
-- Dumping data for table "pending_orders"
--

LOCK TABLES "pending_orders" WRITE;
/*!40000 ALTER TABLE "pending_orders" DISABLE KEYS */;
INSERT INTO "pending_orders" ("id", "user_id", "tx_ref", "order_data", "created_at") VALUES (10,22,'TX-1772954980458-ss5wbcueggf','{\"tax\": 7001.849999999999, \"items\": [{\"name\": \"smartphne\", \"price\": \"46679.00\", \"quantity\": 1, \"product_id\": 7}], \"notes\": null, \"user_id\": 22, \"discount\": 0, \"shipping\": 5.99, \"subtotal\": 46679, \"grand_total\": 53686.84, \"customer_name\": \"mil\", \"shipping_cost\": 5.99, \"customer_email\": \"jsrif@gmail.com\", \"customer_phone\": \"0934768282\", \"payment_method\": \"chapa\", \"shipping_method\": \"standard\", \"shipping_address\": \"Addis Ababa, Ethiopia, Bhirdar, et 1000, Ethiopia\"}','2026-03-08 07:29:40');
INSERT INTO "pending_orders" ("id", "user_id", "tx_ref", "order_data", "created_at") VALUES (11,22,'TX-1772954992124-yi18akyv8c','{\"tax\": 7001.849999999999, \"items\": [{\"name\": \"smartphne\", \"price\": \"46679.00\", \"quantity\": 1, \"product_id\": 7}], \"notes\": null, \"user_id\": 22, \"discount\": 0, \"shipping\": 5.99, \"subtotal\": 46679, \"grand_total\": 53686.84, \"customer_name\": \"mil\", \"shipping_cost\": 5.99, \"customer_email\": \"jsrif@gmail.com\", \"customer_phone\": \"0934768282\", \"payment_method\": \"chapa\", \"shipping_method\": \"standard\", \"shipping_address\": \"Addis Ababa, Ethiopia, Bhirdar, et 1000, Ethiopia\"}','2026-03-08 07:29:52');
INSERT INTO "pending_orders" ("id", "user_id", "tx_ref", "order_data", "created_at") VALUES (12,22,'TX-1772954993360-3wflwhnjq59','{\"tax\": 7001.849999999999, \"items\": [{\"name\": \"smartphne\", \"price\": \"46679.00\", \"quantity\": 1, \"product_id\": 7}], \"notes\": null, \"user_id\": 22, \"discount\": 0, \"shipping\": 5.99, \"subtotal\": 46679, \"grand_total\": 53686.84, \"customer_name\": \"mil\", \"shipping_cost\": 5.99, \"customer_email\": \"jsrif@gmail.com\", \"customer_phone\": \"0934768282\", \"payment_method\": \"chapa\", \"shipping_method\": \"standard\", \"shipping_address\": \"Addis Ababa, Ethiopia, Bhirdar, et 1000, Ethiopia\"}','2026-03-08 07:29:53');
INSERT INTO "pending_orders" ("id", "user_id", "tx_ref", "order_data", "created_at") VALUES (17,22,'TX-1773039013720-ekiz1p87mla','{\"tax\": 101.25, \"items\": [{\"name\": \"fruits\", \"price\": \"675.00\", \"quantity\": 1, \"product_id\": 8}], \"notes\": null, \"user_id\": 22, \"discount\": 0, \"shipping\": 5.99, \"subtotal\": 675, \"grand_total\": 782.24, \"customer_name\": \"mil\", \"shipping_cost\": 5.99, \"customer_email\": \"jsrif@gmail.com\", \"customer_phone\": \"0934768282\", \"payment_method\": \"chapa\", \"shipping_method\": \"standard\", \"shipping_address\": \"fnoteselam, Bhirdar, e 1000, Ethiopia\"}','2026-03-09 06:50:13');
INSERT INTO "pending_orders" ("id", "user_id", "tx_ref", "order_data", "created_at") VALUES (27,24,'TX-1773077979138-7v5q4cx9jbo','{\"tax\": 7001.849999999999, \"items\": [{\"name\": \"smartphne\", \"price\": \"46679.00\", \"quantity\": 1, \"product_id\": 7}], \"notes\": null, \"user_id\": 24, \"discount\": 0, \"shipping\": 5.99, \"subtotal\": 46679, \"grand_total\": 53686.84, \"customer_name\": \"hjgfj\", \"shipping_cost\": 5.99, \"customer_email\": \"jkjghf@gmail.com\", \"customer_phone\": \"0934567370\", \"payment_method\": \"chapa\", \"shipping_method\": \"standard\", \"shipping_address\": \"Addis Ababa, Ethiopia, Bhirdar, e 1000, Ethiopia\"}','2026-03-09 17:39:39');
INSERT INTO "pending_orders" ("id", "user_id", "tx_ref", "order_data", "created_at") VALUES (28,24,'TX-1773120609796-s3hqr4su1v','{\"tax\": 101.25, \"items\": [{\"name\": \"fruits\", \"price\": \"675.00\", \"quantity\": 1, \"product_id\": 8}], \"notes\": null, \"user_id\": 24, \"discount\": 0, \"shipping\": 5.99, \"subtotal\": 675, \"grand_total\": 782.24, \"customer_name\": \"hjgfj\", \"shipping_cost\": 5.99, \"customer_email\": \"jkjghf@gmail.com\", \"customer_phone\": \"0934567370\", \"payment_method\": \"chapa\", \"shipping_method\": \"standard\", \"shipping_address\": \"Addis Ababa, Ethiopia, Bhirdar, et 1000, Ethiopia\"}','2026-03-10 05:30:09');
INSERT INTO "pending_orders" ("id", "user_id", "tx_ref", "order_data", "created_at") VALUES (29,24,'TX-1773122693984-ebdx8a9xvg7','{\"tax\": 7001.849999999999, \"items\": [{\"name\": \"smartphne\", \"price\": \"46679.00\", \"quantity\": 1, \"product_id\": 7}], \"notes\": null, \"user_id\": 24, \"discount\": 0, \"shipping\": 5.99, \"subtotal\": 46679, \"grand_total\": 53686.84, \"customer_name\": \"hjgfj\", \"shipping_cost\": 5.99, \"customer_email\": \"jkjghf@gmail.com\", \"customer_phone\": \"0934567370\", \"payment_method\": \"chapa\", \"shipping_method\": \"standard\", \"shipping_address\": \"Addis Ababa, Ethiopia, Bhirdar, et 1000, Ethiopia\"}','2026-03-10 06:04:54');
INSERT INTO "pending_orders" ("id", "user_id", "tx_ref", "order_data", "created_at") VALUES (30,24,'TX-1773125000884-hjwhbjj7h55','{\"tax\": 101.25, \"items\": [{\"name\": \"fruits\", \"price\": \"675.00\", \"quantity\": 1, \"product_id\": 8}], \"notes\": null, \"user_id\": 24, \"discount\": 0, \"shipping\": 5.99, \"subtotal\": 675, \"grand_total\": 782.24, \"customer_name\": \"hjgfj\", \"shipping_cost\": 5.99, \"customer_email\": \"jkjghf@gmail.com\", \"customer_phone\": \"0934567370\", \"payment_method\": \"chapa\", \"shipping_method\": \"standard\", \"shipping_address\": \"Addis Ababa, Ethiopia, Bhirdar, et 1000, Ethiopia\"}','2026-03-10 06:43:20');
INSERT INTO "pending_orders" ("id", "user_id", "tx_ref", "order_data", "created_at") VALUES (31,2,'TX-1773126591457-dnymw9dkmzt','{\"tax\": 7001.849999999999, \"items\": [{\"name\": \"smartphne\", \"price\": \"46679.00\", \"quantity\": 1, \"product_id\": 7}], \"notes\": null, \"user_id\": 2, \"discount\": 0, \"shipping\": 5.99, \"subtotal\": 46679, \"grand_total\": 53686.84, \"customer_name\": \"Test Customer\", \"shipping_cost\": 5.99, \"customer_email\": \"customer@test.com\", \"customer_phone\": \"0934567370\", \"payment_method\": \"chapa\", \"shipping_method\": \"standard\", \"shipping_address\": \"Addis Ababa, Ethiopia, Bhirdar, e 1000, Ethiopia\"}','2026-03-10 07:09:51');
INSERT INTO "pending_orders" ("id", "user_id", "tx_ref", "order_data", "created_at") VALUES (32,28,'TX-1773134478874-dnv4ih2ztxc','{\"tax\": 7001.849999999999, \"items\": [{\"name\": \"smartphne\", \"price\": \"46679.00\", \"quantity\": 1, \"product_id\": 7}], \"notes\": null, \"user_id\": 28, \"discount\": 0, \"shipping\": 5.99, \"subtotal\": 46679, \"grand_total\": 53686.84, \"customer_name\": \"manjk\", \"shipping_cost\": 5.99, \"customer_email\": \"manak@gmail.com\", \"customer_phone\": \"+251924473940\", \"payment_method\": \"chapa\", \"shipping_method\": \"standard\", \"shipping_address\": \"fnoteselam, Bhirdar, et 1000, Ethiopia\"}','2026-03-10 09:21:18');
INSERT INTO "pending_orders" ("id", "user_id", "tx_ref", "order_data", "created_at") VALUES (33,28,'TX-1773136155926-2s63x899iwv','{\"tax\": 7001.849999999999, \"items\": [{\"name\": \"smartphne\", \"price\": \"46679.00\", \"quantity\": 1, \"product_id\": 7}], \"notes\": null, \"user_id\": 28, \"discount\": 0, \"shipping\": 5.99, \"subtotal\": 46679, \"grand_total\": 53686.84, \"customer_name\": \"manjk\", \"shipping_cost\": 5.99, \"customer_email\": \"manak@gmail.com\", \"customer_phone\": \"+251924473940\", \"payment_method\": \"chapa\", \"shipping_method\": \"standard\", \"shipping_address\": \"Addis Ababa, Ethiopia, Bhirdar, e 10, Ethiopia\"}','2026-03-10 09:49:15');
INSERT INTO "pending_orders" ("id", "user_id", "tx_ref", "order_data", "created_at") VALUES (34,28,'TX-1773137585659-biyi0osnu9a','{\"tax\": 104.9985, \"items\": [{\"name\": \"Smartphone X\", \"price\": \"699.99\", \"quantity\": 1, \"product_id\": 1}], \"notes\": null, \"user_id\": 28, \"discount\": 0, \"shipping\": 5.99, \"subtotal\": 699.99, \"grand_total\": 810.9785, \"customer_name\": \"manjk\", \"shipping_cost\": 5.99, \"customer_email\": \"manak@gmail.com\", \"customer_phone\": \"+251924473940\", \"payment_method\": \"chapa\", \"shipping_method\": \"standard\", \"shipping_address\": \"Addis Ababa, Ethiopia, Bhirdar, et 1000, Ethiopia\"}','2026-03-10 10:13:05');
INSERT INTO "pending_orders" ("id", "user_id", "tx_ref", "order_data", "created_at") VALUES (35,28,'TX-1773138810553-hd7pnsunphs','{\"tax\": 101.25, \"items\": [{\"name\": \"fruits\", \"price\": \"675.00\", \"quantity\": 1, \"product_id\": 8}], \"notes\": null, \"user_id\": 28, \"discount\": 0, \"shipping\": 5.99, \"subtotal\": 675, \"grand_total\": 782.24, \"customer_name\": \"manjk\", \"shipping_cost\": 5.99, \"customer_email\": \"manak@gmail.com\", \"customer_phone\": \"+251924473940\", \"payment_method\": \"chapa\", \"shipping_method\": \"standard\", \"shipping_address\": \"Addis Ababa, Ethiopia, Bhirdar, et 1000, Ethiopia\"}','2026-03-10 10:33:30');
/*!40000 ALTER TABLE "pending_orders" ENABLE KEYS */;
UNLOCK TABLES;

--
-- Dumping data for table "product_images"
--

LOCK TABLES "product_images" WRITE;
/*!40000 ALTER TABLE "product_images" DISABLE KEYS */;
/*!40000 ALTER TABLE "product_images" ENABLE KEYS */;
UNLOCK TABLES;

--
-- Dumping data for table "product_variants"
--

LOCK TABLES "product_variants" WRITE;
/*!40000 ALTER TABLE "product_variants" DISABLE KEYS */;
/*!40000 ALTER TABLE "product_variants" ENABLE KEYS */;
UNLOCK TABLES;

--
-- Dumping data for table "products"
--

LOCK TABLES "products" WRITE;
/*!40000 ALTER TABLE "products" DISABLE KEYS */;
INSERT INTO "products" ("id", "name", "description", "price", "category_id", "stock", "image_url", "created_at", "seller_id", "is_approved", "approved_by", "approved_at", "discount_price", "brand", "weight", "dimensions", "tags", "views", "sold_count") VALUES (1,'Smartphone X','6.7-inch display, 128GB storage, 5G capable',699.99,1,50,'https://images.unsplash.com/photo-1511707171634-5f897ff02aa9?w=200','2026-02-21 07:32:36',1,1,NULL,NULL,NULL,NULL,NULL,NULL,NULL,0,0);
INSERT INTO "products" ("id", "name", "description", "price", "category_id", "stock", "image_url", "created_at", "seller_id", "is_approved", "approved_by", "approved_at", "discount_price", "brand", "weight", "dimensions", "tags", "views", "sold_count") VALUES (2,'Gaming Laptop','16GB RAM, 1TB SSD, RTX 3060',1299.99,1,27,'https://images.unsplash.com/photo-1603302576837-37561b2e2302?w=200','2026-02-21 07:32:36',1,1,NULL,NULL,NULL,NULL,NULL,NULL,NULL,0,0);
INSERT INTO "products" ("id", "name", "description", "price", "category_id", "stock", "image_url", "created_at", "seller_id", "is_approved", "approved_by", "approved_at", "discount_price", "brand", "weight", "dimensions", "tags", "views", "sold_count") VALUES (3,'Wireless Headphones','Noise cancelling, 30hr battery life',199.99,1,100,'https://images.unsplash.com/photo-1505740420928-5e560c06d30e?w=200','2026-02-21 07:32:36',1,1,NULL,NULL,NULL,NULL,NULL,NULL,NULL,0,0);
INSERT INTO "products" ("id", "name", "description", "price", "category_id", "stock", "image_url", "created_at", "seller_id", "is_approved", "approved_by", "approved_at", "discount_price", "brand", "weight", "dimensions", "tags", "views", "sold_count") VALUES (4,'Smart Watch','Fitness tracking, heart rate monitor',249.99,1,75,'https://images.unsplash.com/photo-1523275335684-37898b6baf30?w=200','2026-02-21 07:32:36',1,1,NULL,NULL,NULL,NULL,NULL,NULL,NULL,0,0);
INSERT INTO "products" ("id", "name", "description", "price", "category_id", "stock", "image_url", "created_at", "seller_id", "is_approved", "approved_by", "approved_at", "discount_price", "brand", "weight", "dimensions", "tags", "views", "sold_count") VALUES (5,'Cotton T-Shirt','Comfortable cotton t-shirt',19.99,2,200,'https://images.unsplash.com/photo-1521572163474-6864f9cf17ab?w=200','2026-02-21 07:32:36',1,1,NULL,NULL,NULL,NULL,NULL,NULL,NULL,0,0);
INSERT INTO "products" ("id", "name", "description", "price", "category_id", "stock", "image_url", "created_at", "seller_id", "is_approved", "approved_by", "approved_at", "discount_price", "brand", "weight", "dimensions", "tags", "views", "sold_count") VALUES (6,'Jeans','Classic blue jeans',49.99,2,150,'https://images.unsplash.com/photo-1541099649105-f69ad21f3246?w=200','2026-02-21 07:32:36',1,1,NULL,NULL,NULL,NULL,NULL,NULL,NULL,0,0);
INSERT INTO "products" ("id", "name", "description", "price", "category_id", "stock", "image_url", "created_at", "seller_id", "is_approved", "approved_by", "approved_at", "discount_price", "brand", "weight", "dimensions", "tags", "views", "sold_count") VALUES (7,'smartphne','gjhjhbmhuu',49048.00,1,3,'http://localhost:5000/uploads/product-1772358661950-911308128.jpg','2026-03-01 09:51:02',5,1,1,'2026-03-01 09:52:58',46679.00,'tecno',0.06,'20*54','fjhjfhuhgbv',0,4);
INSERT INTO "products" ("id", "name", "description", "price", "category_id", "stock", "image_url", "created_at", "seller_id", "is_approved", "approved_by", "approved_at", "discount_price", "brand", "weight", "dimensions", "tags", "views", "sold_count") VALUES (8,'fruits','nkhkhk',789.00,2,53,'http://localhost:5000/uploads/product-1772693704624-941938642.PNG','2026-03-05 06:55:04',5,1,1,'2026-03-05 07:03:22',675.00,'neg',NULL,NULL,NULL,0,2);
/*!40000 ALTER TABLE "products" ENABLE KEYS */;
UNLOCK TABLES;

--
-- Dumping data for table "return_requests"
--

LOCK TABLES "return_requests" WRITE;
/*!40000 ALTER TABLE "return_requests" DISABLE KEYS */;
/*!40000 ALTER TABLE "return_requests" ENABLE KEYS */;
UNLOCK TABLES;

--
-- Dumping data for table "review_helpful"
--

LOCK TABLES "review_helpful" WRITE;
/*!40000 ALTER TABLE "review_helpful" DISABLE KEYS */;
/*!40000 ALTER TABLE "review_helpful" ENABLE KEYS */;
UNLOCK TABLES;

--
-- Dumping data for table "review_images"
--

LOCK TABLES "review_images" WRITE;
/*!40000 ALTER TABLE "review_images" DISABLE KEYS */;
/*!40000 ALTER TABLE "review_images" ENABLE KEYS */;
UNLOCK TABLES;

--
-- Dumping data for table "reviews"
--

LOCK TABLES "reviews" WRITE;
/*!40000 ALTER TABLE "reviews" DISABLE KEYS */;
/*!40000 ALTER TABLE "reviews" ENABLE KEYS */;
UNLOCK TABLES;

--
-- Dumping data for table "sellers"
--

LOCK TABLES "sellers" WRITE;
/*!40000 ALTER TABLE "sellers" DISABLE KEYS */;
INSERT INTO "sellers" ("id", "user_id", "business_name", "business_address", "business_phone", "business_email", "tax_id", "business_license", "is_approved", "approved_by", "approved_at", "wallet_balance", "total_earnings", "pending_withdrawal", "created_at") VALUES (1,3,'Test Store','Addis Ababa, Ethiopia','0912345678','store@test.com',NULL,NULL,1,NULL,NULL,3509.97,3509.97,0.00,'2026-02-22 15:13:55');
INSERT INTO "sellers" ("id", "user_id", "business_name", "business_address", "business_phone", "business_email", "tax_id", "business_license", "is_approved", "approved_by", "approved_at", "wallet_balance", "total_earnings", "pending_withdrawal", "created_at") VALUES (2,5,'ecomerce','fenotes','09djei8','seler@gmail.com','',NULL,1,1,'2026-02-25 01:27:02',0.00,0.00,0.00,'2026-02-22 17:44:19');
INSERT INTO "sellers" ("id", "user_id", "business_name", "business_address", "business_phone", "business_email", "tax_id", "business_license", "is_approved", "approved_by", "approved_at", "wallet_balance", "total_earnings", "pending_withdrawal", "created_at") VALUES (3,8,'fregnjf','gfnhjgjhnf','gfb09','mdfnfjg@dmmj.vbo','',NULL,1,6,'2026-02-25 01:53:52',0.00,0.00,0.00,'2026-02-25 01:49:55');
INSERT INTO "sellers" ("id", "user_id", "business_name", "business_address", "business_phone", "business_email", "tax_id", "business_license", "is_approved", "approved_by", "approved_at", "wallet_balance", "total_earnings", "pending_withdrawal", "created_at") VALUES (4,21,'e store','Addis Ababa, Ethiopia','0924473940','seler@gmail.com','7909','ki',1,1,'2026-03-01 08:43:49',0.00,0.00,0.00,'2026-02-26 23:12:41');
INSERT INTO "sellers" ("id", "user_id", "business_name", "business_address", "business_phone", "business_email", "tax_id", "business_license", "is_approved", "approved_by", "approved_at", "wallet_balance", "total_earnings", "pending_withdrawal", "created_at") VALUES (5,22,'hamast','hfhgu','0985737845','jdkdf@gmail.com',NULL,NULL,1,1,'2026-03-01 08:43:47',766527.30,766527.30,542730.00,'2026-02-26 23:15:32');
INSERT INTO "sellers" ("id", "user_id", "business_name", "business_address", "business_phone", "business_email", "tax_id", "business_license", "is_approved", "approved_by", "approved_at", "wallet_balance", "total_earnings", "pending_withdrawal", "created_at") VALUES (6,23,'NHYD','fnoteselam','0965787934','fnhjgkf@gmail.com','236673784','ghjt',1,6,'2026-03-05 06:47:31',0.00,0.00,0.00,'2026-03-03 22:55:50');
INSERT INTO "sellers" ("id", "user_id", "business_name", "business_address", "business_phone", "business_email", "tax_id", "business_license", "is_approved", "approved_by", "approved_at", "wallet_balance", "total_earnings", "pending_withdrawal", "created_at") VALUES (7,27,'hun','fnoteselam','0978665434','muluhunegnaw@gmail.com','24657','ghjt',1,1,'2026-03-04 06:49:33',0.00,0.00,0.00,'2026-03-04 06:48:19');
/*!40000 ALTER TABLE "sellers" ENABLE KEYS */;
UNLOCK TABLES;

--
-- Dumping data for table "transactions"
--

LOCK TABLES "transactions" WRITE;
/*!40000 ALTER TABLE "transactions" DISABLE KEYS */;
INSERT INTO "transactions" ("id", "order_id", "tx_ref", "amount", "currency", "status", "payment_method", "verified_at", "created_at") VALUES (1,NULL,'TX-1772873678941-8f96e115',53686.84,'ETB','pending',NULL,NULL,'2026-03-07 08:54:42');
INSERT INTO "transactions" ("id", "order_id", "tx_ref", "amount", "currency", "status", "payment_method", "verified_at", "created_at") VALUES (2,NULL,'TX-1772955111255-93ed2e21',54463.09,'ETB','pending',NULL,NULL,'2026-03-08 07:32:09');
INSERT INTO "transactions" ("id", "order_id", "tx_ref", "amount", "currency", "status", "payment_method", "verified_at", "created_at") VALUES (3,NULL,'TX-1772989431817-9fd57229',53686.84,'ETB','pending',NULL,NULL,'2026-03-08 17:04:08');
INSERT INTO "transactions" ("id", "order_id", "tx_ref", "amount", "currency", "status", "payment_method", "verified_at", "created_at") VALUES (4,NULL,'TX-1773038676420-f00fcc4d',53686.84,'ETB','pending',NULL,NULL,'2026-03-09 06:44:38');
INSERT INTO "transactions" ("id", "order_id", "tx_ref", "amount", "currency", "status", "payment_method", "verified_at", "created_at") VALUES (5,NULL,'TX-1773070477900-45d1245c',3887.24,'ETB','pending',NULL,NULL,'2026-03-09 15:34:41');
INSERT INTO "transactions" ("id", "order_id", "tx_ref", "amount", "currency", "status", "payment_method", "verified_at", "created_at") VALUES (6,NULL,'TX-1773071368427-d4fa02e0',53686.84,'ETB','pending',NULL,NULL,'2026-03-09 15:49:38');
INSERT INTO "transactions" ("id", "order_id", "tx_ref", "amount", "currency", "status", "payment_method", "verified_at", "created_at") VALUES (7,NULL,'TX-1773072171597-bef18a3d',782.24,'ETB','pending',NULL,NULL,'2026-03-09 16:02:58');
INSERT INTO "transactions" ("id", "order_id", "tx_ref", "amount", "currency", "status", "payment_method", "verified_at", "created_at") VALUES (8,NULL,'TX-1773076187217-0b392cc5',782.24,'ETB','pending',NULL,NULL,'2026-03-09 17:10:21');
INSERT INTO "transactions" ("id", "order_id", "tx_ref", "amount", "currency", "status", "payment_method", "verified_at", "created_at") VALUES (9,NULL,'TX-1773077983501-c4748595',53686.84,'ETB','pending',NULL,NULL,'2026-03-09 17:40:11');
INSERT INTO "transactions" ("id", "order_id", "tx_ref", "amount", "currency", "status", "payment_method", "verified_at", "created_at") VALUES (10,NULL,'TX-1773120610302-b98424e9',782.24,'ETB','pending',NULL,NULL,'2026-03-10 05:30:15');
INSERT INTO "transactions" ("id", "order_id", "tx_ref", "amount", "currency", "status", "payment_method", "verified_at", "created_at") VALUES (11,NULL,'TX-1773122694408-1cd46227',53686.84,'ETB','pending',NULL,NULL,'2026-03-10 06:04:55');
INSERT INTO "transactions" ("id", "order_id", "tx_ref", "amount", "currency", "status", "payment_method", "verified_at", "created_at") VALUES (12,NULL,'TX-1773125001536-41b9dac2',782.24,'ETB','pending',NULL,NULL,'2026-03-10 06:43:23');
INSERT INTO "transactions" ("id", "order_id", "tx_ref", "amount", "currency", "status", "payment_method", "verified_at", "created_at") VALUES (13,NULL,'TX-1773134478963-1727b828',53686.84,'ETB','pending',NULL,NULL,'2026-03-10 09:21:25');
INSERT INTO "transactions" ("id", "order_id", "tx_ref", "amount", "currency", "status", "payment_method", "verified_at", "created_at") VALUES (14,NULL,'TX-1773136169582-ef8cb461',53686.84,'ETB','pending',NULL,NULL,'2026-03-10 09:49:35');
INSERT INTO "transactions" ("id", "order_id", "tx_ref", "amount", "currency", "status", "payment_method", "verified_at", "created_at") VALUES (15,NULL,'TX-1773137585721-8c89ca7f',810.98,'ETB','pending',NULL,NULL,'2026-03-10 10:13:06');
INSERT INTO "transactions" ("id", "order_id", "tx_ref", "amount", "currency", "status", "payment_method", "verified_at", "created_at") VALUES (16,NULL,'TX-1773138810622-9afc3d52',782.24,'ETB','pending',NULL,NULL,'2026-03-10 10:33:32');
/*!40000 ALTER TABLE "transactions" ENABLE KEYS */;
UNLOCK TABLES;

--
-- Dumping data for table "user_sessions"
--

LOCK TABLES "user_sessions" WRITE;
/*!40000 ALTER TABLE "user_sessions" DISABLE KEYS */;
INSERT INTO "user_sessions" ("id", "user_id", "token", "ip_address", "user_agent", "created_at", "last_activity") VALUES (1,1,'0ffc29bacb3d957d988ee470b72988aab392b9aeaa62c932d6dd09586a8e417b','::1','Mozilla/5.0 (Windows NT 10.0; Win64; x64) AppleWebKit/537.36 (KHTML, like Gecko) Chrome/145.0.0.0 Safari/537.36 Edg/145.0.0.0','2026-03-04 00:54:40','2026-03-04 00:54:40');
INSERT INTO "user_sessions" ("id", "user_id", "token", "ip_address", "user_agent", "created_at", "last_activity") VALUES (2,1,'1de1d780a567478e35c50b8c6b7241c40cb382f909090ec00d541be38b259fbb','::1','Mozilla/5.0 (Windows NT 10.0; Win64; x64) AppleWebKit/537.36 (KHTML, like Gecko) Chrome/145.0.0.0 Safari/537.36 Edg/145.0.0.0','2026-03-04 00:54:49','2026-03-04 00:54:49');
INSERT INTO "user_sessions" ("id", "user_id", "token", "ip_address", "user_agent", "created_at", "last_activity") VALUES (3,1,'618bd69d30dc39e52729d133924e40dc2809c745b09188a6bb35bba47555794d','::1','Mozilla/5.0 (Windows NT 10.0; Win64; x64) AppleWebKit/537.36 (KHTML, like Gecko) Chrome/145.0.0.0 Safari/537.36 Edg/145.0.0.0','2026-03-04 00:55:03','2026-03-04 00:55:03');
INSERT INTO "user_sessions" ("id", "user_id", "token", "ip_address", "user_agent", "created_at", "last_activity") VALUES (4,22,'69547c4fe167be0a35db67746b74a1e66d82c455dec477e98b0f2b62050c4ff8','::1','Mozilla/5.0 (Windows NT 10.0; Win64; x64) AppleWebKit/537.36 (KHTML, like Gecko) Chrome/145.0.0.0 Safari/537.36 Edg/145.0.0.0','2026-03-04 00:55:20','2026-03-04 00:55:20');
INSERT INTO "user_sessions" ("id", "user_id", "token", "ip_address", "user_agent", "created_at", "last_activity") VALUES (5,22,'2fc17ac4807e97389a535570926e7a6887c82cb7d2cbd74f765948f64b51e7a2','::1','Mozilla/5.0 (Windows NT 10.0; Win64; x64) AppleWebKit/537.36 (KHTML, like Gecko) Chrome/145.0.0.0 Safari/537.36 Edg/145.0.0.0','2026-03-04 00:55:24','2026-03-04 00:55:24');
INSERT INTO "user_sessions" ("id", "user_id", "token", "ip_address", "user_agent", "created_at", "last_activity") VALUES (6,22,'b52ec7d5112938092b74101a505c42202ebda64b833282fa52649cf32c9e1aa0','::1','Mozilla/5.0 (Windows NT 10.0; Win64; x64) AppleWebKit/537.36 (KHTML, like Gecko) Chrome/145.0.0.0 Safari/537.36 Edg/145.0.0.0','2026-03-04 01:01:22','2026-03-04 01:01:22');
INSERT INTO "user_sessions" ("id", "user_id", "token", "ip_address", "user_agent", "created_at", "last_activity") VALUES (7,22,'7ed86872e691041fa49a4330fe274731a3b4230b714e5df1d9cf5f022496c8d3','::1','Mozilla/5.0 (Windows NT 10.0; Win64; x64) AppleWebKit/537.36 (KHTML, like Gecko) Chrome/145.0.0.0 Safari/537.36 Edg/145.0.0.0','2026-03-04 01:01:30','2026-03-04 01:01:30');
INSERT INTO "user_sessions" ("id", "user_id", "token", "ip_address", "user_agent", "created_at", "last_activity") VALUES (8,24,'e8950c1aaf61f60d3516e35b407672d1097be89781d639799901767fff1ca6f8','::1','Mozilla/5.0 (Windows NT 10.0; Win64; x64) AppleWebKit/537.36 (KHTML, like Gecko) Chrome/145.0.0.0 Safari/537.36 Edg/145.0.0.0','2026-03-04 01:03:44','2026-03-04 01:03:44');
INSERT INTO "user_sessions" ("id", "user_id", "token", "ip_address", "user_agent", "created_at", "last_activity") VALUES (9,24,'a5c6811261cd7e4b8b05cdc1feaa4be577f8a6c561f53e294ded97f8c60a4c57','::1','Mozilla/5.0 (Windows NT 10.0; Win64; x64) AppleWebKit/537.36 (KHTML, like Gecko) Chrome/145.0.0.0 Safari/537.36 Edg/145.0.0.0','2026-03-04 01:03:50','2026-03-04 01:03:50');
INSERT INTO "user_sessions" ("id", "user_id", "token", "ip_address", "user_agent", "created_at", "last_activity") VALUES (10,24,'7ab7774f027fe735db2be29696f046bbcaf26f4426a3f27f6b8c1c8722cda57d','::1','Mozilla/5.0 (Windows NT 10.0; Win64; x64) AppleWebKit/537.36 (KHTML, like Gecko) Chrome/145.0.0.0 Safari/537.36 Edg/145.0.0.0','2026-03-04 01:12:16','2026-03-04 01:12:16');
INSERT INTO "user_sessions" ("id", "user_id", "token", "ip_address", "user_agent", "created_at", "last_activity") VALUES (11,1,'7344271f9820c3043c85adaf70f6d70107358b4f591ab120b9b849c23d7a5c26','::1','Mozilla/5.0 (Windows NT 10.0; Win64; x64) AppleWebKit/537.36 (KHTML, like Gecko) Chrome/145.0.0.0 Safari/537.36 Edg/145.0.0.0','2026-03-04 01:16:21','2026-03-04 01:16:21');
INSERT INTO "user_sessions" ("id", "user_id", "token", "ip_address", "user_agent", "created_at", "last_activity") VALUES (12,1,'d9c709d98c56af744372b640c821dfffb3065527933e0a3dcac82aa04a8ba8b2','::1','Mozilla/5.0 (Windows NT 10.0; Win64; x64) AppleWebKit/537.36 (KHTML, like Gecko) Chrome/145.0.0.0 Safari/537.36 Edg/145.0.0.0','2026-03-04 01:44:47','2026-03-04 01:44:47');
INSERT INTO "user_sessions" ("id", "user_id", "token", "ip_address", "user_agent", "created_at", "last_activity") VALUES (13,22,'029bcdd3f864c88e20d28056176c9ec9cf352ce5446fe19f4cd5026139f1c64e','::1','Mozilla/5.0 (Windows NT 10.0; Win64; x64) AppleWebKit/537.36 (KHTML, like Gecko) Chrome/145.0.0.0 Safari/537.36 Edg/145.0.0.0','2026-03-04 02:12:34','2026-03-04 02:12:34');
INSERT INTO "user_sessions" ("id", "user_id", "token", "ip_address", "user_agent", "created_at", "last_activity") VALUES (14,24,'08c9dbedaab8d33f67713bacb80fb251f3e261df62a14f2bbfe781af24957c14','::1','Mozilla/5.0 (Windows NT 10.0; Win64; x64) AppleWebKit/537.36 (KHTML, like Gecko) Chrome/145.0.0.0 Safari/537.36 Edg/145.0.0.0','2026-03-04 02:12:43','2026-03-04 02:12:43');
INSERT INTO "user_sessions" ("id", "user_id", "token", "ip_address", "user_agent", "created_at", "last_activity") VALUES (15,1,'d3a30b2070f24831c4e7d2b814bf5788cde7a57c8f2ea0e1f159e4a0377e6f9d','::1','Mozilla/5.0 (Windows NT 10.0; Win64; x64) AppleWebKit/537.36 (KHTML, like Gecko) Chrome/145.0.0.0 Safari/537.36 Edg/145.0.0.0','2026-03-04 02:31:22','2026-03-04 02:31:22');
INSERT INTO "user_sessions" ("id", "user_id", "token", "ip_address", "user_agent", "created_at", "last_activity") VALUES (16,24,'63b6fabc9add262b261b5897f6dde7895402d80dffd9432710f533d9ed55c6ac','::1','Mozilla/5.0 (Windows NT 10.0; Win64; x64) AppleWebKit/537.36 (KHTML, like Gecko) Chrome/145.0.0.0 Safari/537.36 Edg/145.0.0.0','2026-03-04 05:43:11','2026-03-04 05:43:11');
INSERT INTO "user_sessions" ("id", "user_id", "token", "ip_address", "user_agent", "created_at", "last_activity") VALUES (17,22,'8c872ef3f69325b43f3f112dbdf4e575c6e095c7d181d0cdc90d76d1027fa313','::1','Mozilla/5.0 (Windows NT 10.0; Win64; x64) AppleWebKit/537.36 (KHTML, like Gecko) Chrome/145.0.0.0 Safari/537.36 Edg/145.0.0.0','2026-03-04 05:44:10','2026-03-04 05:44:10');
INSERT INTO "user_sessions" ("id", "user_id", "token", "ip_address", "user_agent", "created_at", "last_activity") VALUES (18,22,'5f3722362e69f0604dc7d888468ba1ff317a4918f57c43958087630e023e4ac7','::1','Mozilla/5.0 (Windows NT 10.0; Win64; x64) AppleWebKit/537.36 (KHTML, like Gecko) Chrome/145.0.0.0 Safari/537.36 Edg/145.0.0.0','2026-03-04 05:49:57','2026-03-04 05:49:57');
INSERT INTO "user_sessions" ("id", "user_id", "token", "ip_address", "user_agent", "created_at", "last_activity") VALUES (19,1,'e55f4712527eb7327b3b7549556275fe7972195633db866d6ad04e341ae1e1cb','::1','Mozilla/5.0 (Windows NT 10.0; Win64; x64) AppleWebKit/537.36 (KHTML, like Gecko) Chrome/145.0.0.0 Safari/537.36 Edg/145.0.0.0','2026-03-04 06:05:28','2026-03-04 06:05:28');
INSERT INTO "user_sessions" ("id", "user_id", "token", "ip_address", "user_agent", "created_at", "last_activity") VALUES (20,1,'969e27e71548fce246d08ce53195ac0430a75631d6a5e28fbd6bc250d6751234','::1','Mozilla/5.0 (Windows NT 10.0; Win64; x64) AppleWebKit/537.36 (KHTML, like Gecko) Chrome/145.0.0.0 Safari/537.36 Edg/145.0.0.0','2026-03-04 06:49:10','2026-03-04 06:49:10');
INSERT INTO "user_sessions" ("id", "user_id", "token", "ip_address", "user_agent", "created_at", "last_activity") VALUES (21,1,'68ea4fea0e87718cfb329d85402388b45b89a209b18f5ead1cb9f03548f539cf','::1','Mozilla/5.0 (Windows NT 10.0; Win64; x64) AppleWebKit/537.36 (KHTML, like Gecko) Chrome/145.0.0.0 Safari/537.36 Edg/145.0.0.0','2026-03-05 06:34:24','2026-03-05 06:34:24');
INSERT INTO "user_sessions" ("id", "user_id", "token", "ip_address", "user_agent", "created_at", "last_activity") VALUES (22,6,'fe643970a460981236e43bb9387c372469d297fc9bf90303258d7718088305e9','::1','Mozilla/5.0 (Windows NT 10.0; Win64; x64) AppleWebKit/537.36 (KHTML, like Gecko) Chrome/145.0.0.0 Safari/537.36','2026-03-05 06:46:38','2026-03-05 06:46:38');
INSERT INTO "user_sessions" ("id", "user_id", "token", "ip_address", "user_agent", "created_at", "last_activity") VALUES (23,24,'ec0e73c16804907fcd1383ea50b2b00d24796f6a405044aa2bf66180eb124615','::1','Mozilla/5.0 (Windows NT 10.0; Win64; x64) AppleWebKit/537.36 (KHTML, like Gecko) Chrome/145.0.0.0 Safari/537.36 Edg/145.0.0.0','2026-03-05 06:50:50','2026-03-05 06:50:50');
INSERT INTO "user_sessions" ("id", "user_id", "token", "ip_address", "user_agent", "created_at", "last_activity") VALUES (24,24,'06fdf92510ce50633cfbc8b6c7db1316cd0c7e6d3e5cee86b47afc411654646e','::1','Mozilla/5.0 (Windows NT 10.0; Win64; x64) AppleWebKit/537.36 (KHTML, like Gecko) Chrome/145.0.0.0 Safari/537.36 Edg/145.0.0.0','2026-03-05 06:51:06','2026-03-05 06:51:06');
INSERT INTO "user_sessions" ("id", "user_id", "token", "ip_address", "user_agent", "created_at", "last_activity") VALUES (25,22,'9c22f01fb94667cd33acf9284892ddfbad2bd24b74d0518aa8bf7f83689af495','::1','Mozilla/5.0 (Windows NT 10.0; Win64; x64) AppleWebKit/537.36 (KHTML, like Gecko) Chrome/145.0.0.0 Safari/537.36 Edg/145.0.0.0','2026-03-05 06:51:43','2026-03-05 06:51:43');
INSERT INTO "user_sessions" ("id", "user_id", "token", "ip_address", "user_agent", "created_at", "last_activity") VALUES (26,1,'40dd980dac746176f9d28acdedb7f4fecf475b5c635a4b678d19262ecf139970','::1','Mozilla/5.0 (Windows NT 10.0; Win64; x64) AppleWebKit/537.36 (KHTML, like Gecko) Chrome/145.0.0.0 Safari/537.36','2026-03-05 07:02:21','2026-03-05 07:02:21');
INSERT INTO "user_sessions" ("id", "user_id", "token", "ip_address", "user_agent", "created_at", "last_activity") VALUES (27,24,'05483920afdf8459d4450fc44987a59ef7ee99b742ef4d793d53e98e841dfa10','::1','Mozilla/5.0 (Windows NT 10.0; Win64; x64) AppleWebKit/537.36 (KHTML, like Gecko) Chrome/145.0.0.0 Safari/537.36 Edg/145.0.0.0','2026-03-05 07:30:50','2026-03-05 07:30:50');
INSERT INTO "user_sessions" ("id", "user_id", "token", "ip_address", "user_agent", "created_at", "last_activity") VALUES (28,22,'40790a4ff3db03b35a2f0e34c2f27c6b9cbf81fece6939dc7f7151521075d9a4','::1','Mozilla/5.0 (Windows NT 10.0; Win64; x64) AppleWebKit/537.36 (KHTML, like Gecko) Chrome/145.0.0.0 Safari/537.36 Edg/145.0.0.0','2026-03-05 07:32:53','2026-03-05 07:32:53');
INSERT INTO "user_sessions" ("id", "user_id", "token", "ip_address", "user_agent", "created_at", "last_activity") VALUES (29,24,'683ef9f2559c3a3c861451eebe6e06b60fcdf247cb196580d75ffbfae7911bda','::1','Mozilla/5.0 (Windows NT 10.0; Win64; x64) AppleWebKit/537.36 (KHTML, like Gecko) Chrome/145.0.0.0 Safari/537.36 Edg/145.0.0.0','2026-03-05 07:48:58','2026-03-05 07:48:58');
INSERT INTO "user_sessions" ("id", "user_id", "token", "ip_address", "user_agent", "created_at", "last_activity") VALUES (30,24,'225800bc78987e66917a6e0935e66b2b0c73b4c01855d35119f007f4c29528a8','::1','Mozilla/5.0 (Windows NT 10.0; Win64; x64) AppleWebKit/537.36 (KHTML, like Gecko) Chrome/145.0.0.0 Safari/537.36 Edg/145.0.0.0','2026-03-05 07:50:47','2026-03-05 07:50:47');
INSERT INTO "user_sessions" ("id", "user_id", "token", "ip_address", "user_agent", "created_at", "last_activity") VALUES (31,22,'e59890261d32b6b4b2ec6758a4a27dfe3c7312c47126e3e856566dc3bb437cc3','::1','Mozilla/5.0 (Windows NT 10.0; Win64; x64) AppleWebKit/537.36 (KHTML, like Gecko) Chrome/145.0.0.0 Safari/537.36 Edg/145.0.0.0','2026-03-05 07:51:43','2026-03-05 07:51:43');
INSERT INTO "user_sessions" ("id", "user_id", "token", "ip_address", "user_agent", "created_at", "last_activity") VALUES (32,2,'854ac79918311d0cea8f0bf04507320d552b708b94980778cd4954ee5df054cc','::1','Mozilla/5.0 (Windows NT 10.0; Win64; x64) AppleWebKit/537.36 (KHTML, like Gecko) Chrome/145.0.0.0 Safari/537.36 Edg/145.0.0.0','2026-03-05 07:59:41','2026-03-05 07:59:41');
INSERT INTO "user_sessions" ("id", "user_id", "token", "ip_address", "user_agent", "created_at", "last_activity") VALUES (33,22,'1c2baa124932316c614e4f176f301fb124210cc4cef58b5992801242e4c0a5d2','::1','Mozilla/5.0 (Windows NT 10.0; Win64; x64) AppleWebKit/537.36 (KHTML, like Gecko) Chrome/145.0.0.0 Safari/537.36 Edg/145.0.0.0','2026-03-05 08:03:19','2026-03-05 08:03:19');
INSERT INTO "user_sessions" ("id", "user_id", "token", "ip_address", "user_agent", "created_at", "last_activity") VALUES (34,24,'9e345ece1324ba86442b5083749ec84e8b4a1b9b7f6e9975b65c7d143bee0fe5','::1','Mozilla/5.0 (Windows NT 10.0; Win64; x64) AppleWebKit/537.36 (KHTML, like Gecko) Chrome/145.0.0.0 Safari/537.36 Edg/145.0.0.0','2026-03-05 08:03:33','2026-03-05 08:03:33');
INSERT INTO "user_sessions" ("id", "user_id", "token", "ip_address", "user_agent", "created_at", "last_activity") VALUES (35,24,'98d703d92329d84ee5a13a57178210b85b3cffa8b32add8fe4f8e44a90660648','::1','Mozilla/5.0 (Windows NT 10.0; Win64; x64) AppleWebKit/537.36 (KHTML, like Gecko) Chrome/145.0.0.0 Safari/537.36 Edg/145.0.0.0','2026-03-05 08:05:34','2026-03-05 08:05:34');
INSERT INTO "user_sessions" ("id", "user_id", "token", "ip_address", "user_agent", "created_at", "last_activity") VALUES (36,22,'d99632e5d6da954f84e43c8d179ddc685646fe24a418cd7637f11331de132cc2','::1','Mozilla/5.0 (Windows NT 10.0; Win64; x64) AppleWebKit/537.36 (KHTML, like Gecko) Chrome/145.0.0.0 Safari/537.36 Edg/145.0.0.0','2026-03-05 08:06:02','2026-03-05 08:06:02');
INSERT INTO "user_sessions" ("id", "user_id", "token", "ip_address", "user_agent", "created_at", "last_activity") VALUES (37,22,'ee4c32068d5ef4b296055fdbeb47a5184dea79573fa1fa7140befa6bfc52ccdc','::1','Mozilla/5.0 (Windows NT 10.0; Win64; x64) AppleWebKit/537.36 (KHTML, like Gecko) Chrome/145.0.0.0 Safari/537.36 Edg/145.0.0.0','2026-03-05 09:14:04','2026-03-05 09:14:04');
INSERT INTO "user_sessions" ("id", "user_id", "token", "ip_address", "user_agent", "created_at", "last_activity") VALUES (38,24,'83bc77784e56e5f5cbebc981849fb6a7bc9e4c3db43dc6a51cf770c11c30cc80','::1','Mozilla/5.0 (Windows NT 10.0; Win64; x64) AppleWebKit/537.36 (KHTML, like Gecko) Chrome/145.0.0.0 Safari/537.36 Edg/145.0.0.0','2026-03-05 09:14:31','2026-03-05 09:14:31');
INSERT INTO "user_sessions" ("id", "user_id", "token", "ip_address", "user_agent", "created_at", "last_activity") VALUES (39,22,'ed2cda0ff5d5eeb3eea06ea267d7ac10f476575cecf3e123b7d40ffa2e505f62','::1','Mozilla/5.0 (Windows NT 10.0; Win64; x64) AppleWebKit/537.36 (KHTML, like Gecko) Chrome/145.0.0.0 Safari/537.36 Edg/145.0.0.0','2026-03-05 09:16:52','2026-03-05 09:16:52');
INSERT INTO "user_sessions" ("id", "user_id", "token", "ip_address", "user_agent", "created_at", "last_activity") VALUES (40,24,'7610f5381f15b800894370feaca8c6d2ef68857c9148f52ced4d87bfa4005b01','::1','Mozilla/5.0 (Windows NT 10.0; Win64; x64) AppleWebKit/537.36 (KHTML, like Gecko) Chrome/145.0.0.0 Safari/537.36 Edg/145.0.0.0','2026-03-06 02:08:57','2026-03-06 02:08:57');
INSERT INTO "user_sessions" ("id", "user_id", "token", "ip_address", "user_agent", "created_at", "last_activity") VALUES (41,22,'c4b058173aac900386b96d92ade744cafff65aa2f842648740e57b2a92310dab','::1','Mozilla/5.0 (Windows NT 10.0; Win64; x64) AppleWebKit/537.36 (KHTML, like Gecko) Chrome/145.0.0.0 Safari/537.36 Edg/145.0.0.0','2026-03-06 02:12:20','2026-03-06 02:12:20');
INSERT INTO "user_sessions" ("id", "user_id", "token", "ip_address", "user_agent", "created_at", "last_activity") VALUES (42,22,'77b9d7bb3a91671c392d919236b68367297ceefe561fde41ba776dcf9988f54a','::1','Mozilla/5.0 (Windows NT 10.0; Win64; x64) AppleWebKit/537.36 (KHTML, like Gecko) Chrome/145.0.0.0 Safari/537.36 Edg/145.0.0.0','2026-03-07 06:58:12','2026-03-07 06:58:12');
INSERT INTO "user_sessions" ("id", "user_id", "token", "ip_address", "user_agent", "created_at", "last_activity") VALUES (43,22,'c2b478b20cbfe43961499c28702ea73c9fefb69f766b1adff0915deaaa3f749c','::1','Mozilla/5.0 (Windows NT 10.0; Win64; x64) AppleWebKit/537.36 (KHTML, like Gecko) Chrome/145.0.0.0 Safari/537.36 Edg/145.0.0.0','2026-03-07 06:58:22','2026-03-07 06:58:22');
INSERT INTO "user_sessions" ("id", "user_id", "token", "ip_address", "user_agent", "created_at", "last_activity") VALUES (44,24,'f1b2653e1c43cd455a4c9a5ebefc4f1592807a92c6c466959cd15c44237034b1','::1','Mozilla/5.0 (Windows NT 10.0; Win64; x64) AppleWebKit/537.36 (KHTML, like Gecko) Chrome/145.0.0.0 Safari/537.36 Edg/145.0.0.0','2026-03-07 07:14:35','2026-03-07 07:14:35');
INSERT INTO "user_sessions" ("id", "user_id", "token", "ip_address", "user_agent", "created_at", "last_activity") VALUES (45,24,'d2e26daac204dc6b7f6d293808c3daf12a22f5de6e0ca3c85f31e7c3518c195b','::1','Mozilla/5.0 (Windows NT 10.0; Win64; x64) AppleWebKit/537.36 (KHTML, like Gecko) Chrome/145.0.0.0 Safari/537.36 Edg/145.0.0.0','2026-03-07 08:05:17','2026-03-07 08:05:17');
INSERT INTO "user_sessions" ("id", "user_id", "token", "ip_address", "user_agent", "created_at", "last_activity") VALUES (46,22,'1f30c8875f82e26f60df7b8a13fdfeea2223e6c4deb9e0032ad0a1b9de11f8be','::1','Mozilla/5.0 (Windows NT 10.0; Win64; x64) AppleWebKit/537.36 (KHTML, like Gecko) Chrome/145.0.0.0 Safari/537.36 Edg/145.0.0.0','2026-03-07 08:59:47','2026-03-07 08:59:47');
INSERT INTO "user_sessions" ("id", "user_id", "token", "ip_address", "user_agent", "created_at", "last_activity") VALUES (47,24,'ebf5a66b8f4e6230c76190916aa63efde05d2badc5cb37d4b9adb2248746b7c1','::1','Mozilla/5.0 (Windows NT 10.0; Win64; x64) AppleWebKit/537.36 (KHTML, like Gecko) Chrome/145.0.0.0 Safari/537.36 Edg/145.0.0.0','2026-03-08 07:30:30','2026-03-08 07:30:30');
INSERT INTO "user_sessions" ("id", "user_id", "token", "ip_address", "user_agent", "created_at", "last_activity") VALUES (48,1,'0ac061190390b63375d441b9c64d76872b7ba00b704d730a0c995491296ecc94','::1','Mozilla/5.0 (Windows NT 10.0; Win64; x64) AppleWebKit/537.36 (KHTML, like Gecko) Chrome/145.0.0.0 Safari/537.36','2026-03-08 08:10:26','2026-03-08 08:10:26');
INSERT INTO "user_sessions" ("id", "user_id", "token", "ip_address", "user_agent", "created_at", "last_activity") VALUES (49,22,'0bf4d45ce723b84b0d6b36ce81d018e96762205ae21384b90ebde5b5f928cd0c','::1','Mozilla/5.0 (Windows NT 10.0; Win64; x64) AppleWebKit/537.36 (KHTML, like Gecko) Chrome/145.0.0.0 Safari/537.36 Edg/145.0.0.0','2026-03-08 16:33:41','2026-03-08 16:33:41');
INSERT INTO "user_sessions" ("id", "user_id", "token", "ip_address", "user_agent", "created_at", "last_activity") VALUES (50,22,'ff2595f3a4189dcd94e4a00330033250d25461d5f711365a8647272f111cb72e','::1','Mozilla/5.0 (Windows NT 10.0; Win64; x64) AppleWebKit/537.36 (KHTML, like Gecko) Chrome/145.0.0.0 Safari/537.36 Edg/145.0.0.0','2026-03-08 16:53:34','2026-03-08 16:53:34');
INSERT INTO "user_sessions" ("id", "user_id", "token", "ip_address", "user_agent", "created_at", "last_activity") VALUES (51,24,'96e5948fbf3a61a243dda0e5fef66052f3fc793e1cc758cadb353ba65cfe1a27','::1','Mozilla/5.0 (Windows NT 10.0; Win64; x64) AppleWebKit/537.36 (KHTML, like Gecko) Chrome/145.0.0.0 Safari/537.36 Edg/145.0.0.0','2026-03-08 16:54:09','2026-03-08 16:54:09');
INSERT INTO "user_sessions" ("id", "user_id", "token", "ip_address", "user_agent", "created_at", "last_activity") VALUES (52,22,'865a9e8b05a509cd0579621b739847165ecb536164234f6ce733a0b9623b26c6','::1','Mozilla/5.0 (Windows NT 10.0; Win64; x64) AppleWebKit/537.36 (KHTML, like Gecko) Chrome/145.0.0.0 Safari/537.36 Edg/145.0.0.0','2026-03-08 17:05:26','2026-03-08 17:05:26');
INSERT INTO "user_sessions" ("id", "user_id", "token", "ip_address", "user_agent", "created_at", "last_activity") VALUES (53,22,'e38cae24e0f78d866dfc3a1275beb41db5cfad5dc5895703d0264fc909393dd5','::1','Mozilla/5.0 (Windows NT 10.0; Win64; x64) AppleWebKit/537.36 (KHTML, like Gecko) Chrome/145.0.0.0 Safari/537.36 Edg/145.0.0.0','2026-03-08 17:05:32','2026-03-08 17:05:32');
INSERT INTO "user_sessions" ("id", "user_id", "token", "ip_address", "user_agent", "created_at", "last_activity") VALUES (54,24,'06f3704d92509b6f3ff1e0e98523db11ab539feaf7aa25151499c7157551cac0','::1','Mozilla/5.0 (Windows NT 10.0; Win64; x64) AppleWebKit/537.36 (KHTML, like Gecko) Chrome/145.0.0.0 Safari/537.36 Edg/145.0.0.0','2026-03-09 06:43:30','2026-03-09 06:43:30');
INSERT INTO "user_sessions" ("id", "user_id", "token", "ip_address", "user_agent", "created_at", "last_activity") VALUES (55,22,'2f53e66bdf7aefb71f35a864a05575a1bfac27806fcab1442af8a8915065a214','::1','Mozilla/5.0 (Windows NT 10.0; Win64; x64) AppleWebKit/537.36 (KHTML, like Gecko) Chrome/145.0.0.0 Safari/537.36 Edg/145.0.0.0','2026-03-09 06:45:38','2026-03-09 06:45:38');
INSERT INTO "user_sessions" ("id", "user_id", "token", "ip_address", "user_agent", "created_at", "last_activity") VALUES (56,24,'3973687cf5f7ce5e0f4badfd3280f4b5d0c5f41a9f09db39aaa0ebbf67c0f759','::1','Mozilla/5.0 (Windows NT 10.0; Win64; x64) AppleWebKit/537.36 (KHTML, like Gecko) Chrome/145.0.0.0 Safari/537.36 Edg/145.0.0.0','2026-03-09 06:50:59','2026-03-09 06:50:59');
INSERT INTO "user_sessions" ("id", "user_id", "token", "ip_address", "user_agent", "created_at", "last_activity") VALUES (57,22,'e49fde367acb3ab4a7352f4b2603202764ec7a6dc3ed969c09f8a4094f6f4e4f','::1','Mozilla/5.0 (Windows NT 10.0; Win64; x64) AppleWebKit/537.36 (KHTML, like Gecko) Chrome/145.0.0.0 Safari/537.36 Edg/145.0.0.0','2026-03-09 17:20:08','2026-03-09 17:20:08');
INSERT INTO "user_sessions" ("id", "user_id", "token", "ip_address", "user_agent", "created_at", "last_activity") VALUES (58,24,'d55125e61d068301a41487ef9cb0bd0cc93aea83d6b78b23183aafce090b5c0e','::1','Mozilla/5.0 (Windows NT 10.0; Win64; x64) AppleWebKit/537.36 (KHTML, like Gecko) Chrome/145.0.0.0 Safari/537.36 Edg/145.0.0.0','2026-03-09 17:38:06','2026-03-09 17:38:06');
INSERT INTO "user_sessions" ("id", "user_id", "token", "ip_address", "user_agent", "created_at", "last_activity") VALUES (59,22,'9dbfa28a8420b12afa718e86d2ecdb34a15ac76b5ced46420f830d1cba71ced6','::1','Mozilla/5.0 (Windows NT 10.0; Win64; x64) AppleWebKit/537.36 (KHTML, like Gecko) Chrome/145.0.0.0 Safari/537.36 Edg/145.0.0.0','2026-03-10 05:21:02','2026-03-10 05:21:02');
INSERT INTO "user_sessions" ("id", "user_id", "token", "ip_address", "user_agent", "created_at", "last_activity") VALUES (60,22,'47301b71147147ae5d44492e50b60d14d1f9197df7efa05b81e1f5f6146735e9','::1','Mozilla/5.0 (Windows NT 10.0; Win64; x64) AppleWebKit/537.36 (KHTML, like Gecko) Chrome/145.0.0.0 Safari/537.36 Edg/145.0.0.0','2026-03-10 05:27:03','2026-03-10 05:27:03');
INSERT INTO "user_sessions" ("id", "user_id", "token", "ip_address", "user_agent", "created_at", "last_activity") VALUES (61,22,'4cbae94254e7c5e3b9e25a0d5e09853da8bc0c13e41abe67d0c303be494dbf10','::1','Mozilla/5.0 (Windows NT 10.0; Win64; x64) AppleWebKit/537.36 (KHTML, like Gecko) Chrome/145.0.0.0 Safari/537.36 Edg/145.0.0.0','2026-03-10 05:27:08','2026-03-10 05:27:08');
INSERT INTO "user_sessions" ("id", "user_id", "token", "ip_address", "user_agent", "created_at", "last_activity") VALUES (62,24,'62ebbc19b99290a2ec4c3e1c95fe6f9e093969321c5ea4b56fe4426690b7ec0f','::1','Mozilla/5.0 (Windows NT 10.0; Win64; x64) AppleWebKit/537.36 (KHTML, like Gecko) Chrome/145.0.0.0 Safari/537.36 Edg/145.0.0.0','2026-03-10 05:28:48','2026-03-10 05:28:48');
INSERT INTO "user_sessions" ("id", "user_id", "token", "ip_address", "user_agent", "created_at", "last_activity") VALUES (63,24,'37752e393a2196e8d8371766478239032d9d7c71d9837563448477d0d76c2974','::1','Mozilla/5.0 (Windows NT 10.0; Win64; x64) AppleWebKit/537.36 (KHTML, like Gecko) Chrome/145.0.0.0 Safari/537.36 Edg/145.0.0.0','2026-03-10 06:41:50','2026-03-10 06:41:50');
INSERT INTO "user_sessions" ("id", "user_id", "token", "ip_address", "user_agent", "created_at", "last_activity") VALUES (64,22,'5a07a82b61a7d6384cb8e0cdc5c05e13c654f09c9a91e6a0def095e4856a8acc','::1','Mozilla/5.0 (Windows NT 10.0; Win64; x64) AppleWebKit/537.36 (KHTML, like Gecko) Chrome/145.0.0.0 Safari/537.36 Edg/145.0.0.0','2026-03-10 06:44:36','2026-03-10 06:44:36');
INSERT INTO "user_sessions" ("id", "user_id", "token", "ip_address", "user_agent", "created_at", "last_activity") VALUES (65,24,'605dc8ca94cfc7128c7cbca5db9eefe9486b4fb61cf011754f62931a44747786','::1','Mozilla/5.0 (Windows NT 10.0; Win64; x64) AppleWebKit/537.36 (KHTML, like Gecko) Chrome/145.0.0.0 Safari/537.36 Edg/145.0.0.0','2026-03-10 06:57:21','2026-03-10 06:57:21');
INSERT INTO "user_sessions" ("id", "user_id", "token", "ip_address", "user_agent", "created_at", "last_activity") VALUES (66,22,'6930d1bdb5b4ad271d8118d864d9a4b78f665dd6ce59f13493d55fe21c35a832','::1','Mozilla/5.0 (Windows NT 10.0; Win64; x64) AppleWebKit/537.36 (KHTML, like Gecko) Chrome/145.0.0.0 Safari/537.36 Edg/145.0.0.0','2026-03-10 07:04:48','2026-03-10 07:04:48');
INSERT INTO "user_sessions" ("id", "user_id", "token", "ip_address", "user_agent", "created_at", "last_activity") VALUES (67,24,'8accffc48d1b7edc391bfa365f533e12063420b7397eab04b9de8d13c82960e6','::1','Mozilla/5.0 (Windows NT 10.0; Win64; x64) AppleWebKit/537.36 (KHTML, like Gecko) Chrome/145.0.0.0 Safari/537.36 Edg/145.0.0.0','2026-03-10 07:05:38','2026-03-10 07:05:38');
INSERT INTO "user_sessions" ("id", "user_id", "token", "ip_address", "user_agent", "created_at", "last_activity") VALUES (68,22,'88a8584bd74ee2490c79d5d3c2596bfb4f6cea1957f1c40d8a7f8b12e80a3d18','::1','Mozilla/5.0 (Windows NT 10.0; Win64; x64) AppleWebKit/537.36 (KHTML, like Gecko) Chrome/145.0.0.0 Safari/537.36 Edg/145.0.0.0','2026-03-10 07:07:22','2026-03-10 07:07:22');
INSERT INTO "user_sessions" ("id", "user_id", "token", "ip_address", "user_agent", "created_at", "last_activity") VALUES (69,22,'4f372b3a8f4148611ae1beb58770cae5b62654f8b18b6389e548c69b8f190cbd','::1','Mozilla/5.0 (Windows NT 10.0; Win64; x64) AppleWebKit/537.36 (KHTML, like Gecko) Chrome/145.0.0.0 Safari/537.36 Edg/145.0.0.0','2026-03-10 07:07:31','2026-03-10 07:07:31');
INSERT INTO "user_sessions" ("id", "user_id", "token", "ip_address", "user_agent", "created_at", "last_activity") VALUES (70,2,'70a47b8ec8f80bdf7a9dbab538aac0739a2a4a255d491c1edf2b0b142617361b','::1','Mozilla/5.0 (Windows NT 10.0; Win64; x64) AppleWebKit/537.36 (KHTML, like Gecko) Chrome/145.0.0.0 Safari/537.36 Edg/145.0.0.0','2026-03-10 07:08:46','2026-03-10 07:08:46');
INSERT INTO "user_sessions" ("id", "user_id", "token", "ip_address", "user_agent", "created_at", "last_activity") VALUES (71,24,'580bf250522b7b3a810151df80b4a08bc7be05657ed9d251a84c942589896ee9','::1','Mozilla/5.0 (Windows NT 10.0; Win64; x64) AppleWebKit/537.36 (KHTML, like Gecko) Chrome/145.0.0.0 Safari/537.36 Edg/145.0.0.0','2026-03-10 07:35:42','2026-03-10 07:35:42');
INSERT INTO "user_sessions" ("id", "user_id", "token", "ip_address", "user_agent", "created_at", "last_activity") VALUES (72,1,'abc6d26b43b2ce706a00cae3b68c6296ddd73098847154ca47a1a9bd74d5abff','::1','Mozilla/5.0 (Windows NT 10.0; Win64; x64) AppleWebKit/537.36 (KHTML, like Gecko) Chrome/145.0.0.0 Safari/537.36','2026-03-10 07:37:43','2026-03-10 07:37:43');
INSERT INTO "user_sessions" ("id", "user_id", "token", "ip_address", "user_agent", "created_at", "last_activity") VALUES (73,22,'358b29b2d9d9c72516902ad85ff72503601a5655206702e405f6fa0cc32bd597','::1','Mozilla/5.0 (Windows NT 10.0; Win64; x64) AppleWebKit/537.36 (KHTML, like Gecko) Chrome/145.0.0.0 Safari/537.36 Edg/145.0.0.0','2026-03-10 07:44:36','2026-03-10 07:44:36');
INSERT INTO "user_sessions" ("id", "user_id", "token", "ip_address", "user_agent", "created_at", "last_activity") VALUES (74,1,'134239adf255c98d9a54b11af9dad41adf613ebeea5ae95c91040f86de95e622','::1','Mozilla/5.0 (Windows NT 10.0; Win64; x64) AppleWebKit/537.36 (KHTML, like Gecko) Chrome/145.0.0.0 Safari/537.36','2026-03-10 07:49:06','2026-03-10 07:49:06');
INSERT INTO "user_sessions" ("id", "user_id", "token", "ip_address", "user_agent", "created_at", "last_activity") VALUES (75,1,'d27e6a1ef89e8fc1c0b956f009130e3525661263883f06c0e96e2d8f68613db3','::1','Mozilla/5.0 (Windows NT 10.0; Win64; x64) AppleWebKit/537.36 (KHTML, like Gecko) Chrome/145.0.0.0 Safari/537.36','2026-03-10 07:50:06','2026-03-10 07:50:06');
INSERT INTO "user_sessions" ("id", "user_id", "token", "ip_address", "user_agent", "created_at", "last_activity") VALUES (76,1,'58ae291a3f41cf13015acc2ccfc6636ed6fd6a32cf4e900d5b4445f109596542','::1','Mozilla/5.0 (Windows NT 10.0; Win64; x64) AppleWebKit/537.36 (KHTML, like Gecko) Chrome/145.0.0.0 Safari/537.36','2026-03-10 08:08:08','2026-03-10 08:08:08');
INSERT INTO "user_sessions" ("id", "user_id", "token", "ip_address", "user_agent", "created_at", "last_activity") VALUES (77,1,'ee9206eabb73e476847894767c53336b01b99576ed929299015013ab9cdea30a','::1','Mozilla/5.0 (Windows NT 10.0; Win64; x64) AppleWebKit/537.36 (KHTML, like Gecko) Chrome/145.0.0.0 Safari/537.36','2026-03-10 08:10:06','2026-03-10 08:10:06');
INSERT INTO "user_sessions" ("id", "user_id", "token", "ip_address", "user_agent", "created_at", "last_activity") VALUES (78,28,'0f829b99a6a8174bc7fa0e1359abf4dee95592bab731ade45a68a6afb75aeae5','::1','Mozilla/5.0 (Windows NT 10.0; Win64; x64) AppleWebKit/537.36 (KHTML, like Gecko) Chrome/145.0.0.0 Safari/537.36 Edg/145.0.0.0','2026-03-10 09:47:21','2026-03-10 09:47:21');
INSERT INTO "user_sessions" ("id", "user_id", "token", "ip_address", "user_agent", "created_at", "last_activity") VALUES (79,22,'6bcaa5847b02fd71ad828d074feff6829fac994fa986ed7db8a185aea879c7f2','::1','Mozilla/5.0 (Windows NT 10.0; Win64; x64) AppleWebKit/537.36 (KHTML, like Gecko) Chrome/145.0.0.0 Safari/537.36 Edg/145.0.0.0','2026-03-11 06:25:21','2026-03-11 06:25:21');
/*!40000 ALTER TABLE "user_sessions" ENABLE KEYS */;
UNLOCK TABLES;

--
-- Dumping data for table "users"
--

LOCK TABLES "users" WRITE;
/*!40000 ALTER TABLE "users" DISABLE KEYS */;
INSERT INTO "users" ("id", "name", "email", "password", "phone", "role", "is_verified", "profile_image", "created_at", "verification_token", "verification_token_expiry", "is_phone_verified", "reset_token", "reset_token_expiry", "verification_code", "verification_code_expiry", "two_factor_secret", "two_factor_enabled", "is_active") VALUES (1,'Admin User','admin@test.com','$2b$10$1FeKvPQeimdHkNkUVJ.82eMz1s4f3DIjdbsPgzTPUXyjPBym1dL4m',NULL,'admin',1,NULL,'2026-02-22 15:09:54',NULL,NULL,0,NULL,NULL,NULL,NULL,NULL,0,1);
INSERT INTO "users" ("id", "name", "email", "password", "phone", "role", "is_verified", "profile_image", "created_at", "verification_token", "verification_token_expiry", "is_phone_verified", "reset_token", "reset_token_expiry", "verification_code", "verification_code_expiry", "two_factor_secret", "two_factor_enabled", "is_active") VALUES (2,'Test Customer','customer@test.com','$2b$10$ROy86dICjR1o0toqJYv79ufKMzgVNSQSdUSfPLt8ukYMmfhujSlsi',NULL,'customer',1,NULL,'2026-02-22 15:10:01',NULL,NULL,0,NULL,NULL,NULL,NULL,NULL,0,1);
INSERT INTO "users" ("id", "name", "email", "password", "phone", "role", "is_verified", "profile_image", "created_at", "verification_token", "verification_token_expiry", "is_phone_verified", "reset_token", "reset_token_expiry", "verification_code", "verification_code_expiry", "two_factor_secret", "two_factor_enabled", "is_active") VALUES (3,'Test Seller','seller@test.com','$2b$10$NmLziYuIDOWymjMelxj2Te5VEef7xk.hVGNKAEqgcc/Eh3dZ8SXPq','0912345678','seller',1,NULL,'2026-02-22 15:13:52',NULL,NULL,0,NULL,NULL,NULL,NULL,NULL,0,1);
INSERT INTO "users" ("id", "name", "email", "password", "phone", "role", "is_verified", "profile_image", "created_at", "verification_token", "verification_token_expiry", "is_phone_verified", "reset_token", "reset_token_expiry", "verification_code", "verification_code_expiry", "two_factor_secret", "two_factor_enabled", "is_active") VALUES (5,'c d f','seler@gmail.com','$2b$10$NmLziYuIDOWymjMelxj2Te5VEef7xk.hVGNKAEqgcc/Eh3dZ8SXPq','09euuje','seller',1,NULL,'2026-02-22 17:44:19',NULL,NULL,0,NULL,NULL,NULL,NULL,NULL,0,1);
INSERT INTO "users" ("id", "name", "email", "password", "phone", "role", "is_verified", "profile_image", "created_at", "verification_token", "verification_token_expiry", "is_phone_verified", "reset_token", "reset_token_expiry", "verification_code", "verification_code_expiry", "two_factor_secret", "two_factor_enabled", "is_active") VALUES (6,'Admin User','admin@estore.com','$2b$10$1FeKvPQeimdHkNkUVJ.82eMz1s4f3DIjdbsPgzTPUXyjPBym1dL4m',NULL,'admin',1,NULL,'2026-02-24 23:56:06',NULL,NULL,0,NULL,NULL,NULL,NULL,NULL,0,1);
INSERT INTO "users" ("id", "name", "email", "password", "phone", "role", "is_verified", "profile_image", "created_at", "verification_token", "verification_token_expiry", "is_phone_verified", "reset_token", "reset_token_expiry", "verification_code", "verification_code_expiry", "two_factor_secret", "two_factor_enabled", "is_active") VALUES (8,'jjjj','gfhgjhj@mkllj.com','$2b$10$DS8jp0EgAfqxeC9ksBdQPeQqi.RjIE5bEAsx5YCksrVMjn/zt3Wmm','09675466','seller',1,NULL,'2026-02-25 01:49:48',NULL,NULL,0,NULL,NULL,NULL,NULL,NULL,0,1);
INSERT INTO "users" ("id", "name", "email", "password", "phone", "role", "is_verified", "profile_image", "created_at", "verification_token", "verification_token_expiry", "is_phone_verified", "reset_token", "reset_token_expiry", "verification_code", "verification_code_expiry", "two_factor_secret", "two_factor_enabled", "is_active") VALUES (9,'huur','ndjdh@gmail.com','$2b$10$boEIN.PFJZrsarEX64pPbe8DNrgW7uFfb01AQHaBChW54DAbkBmMW','0934566778','customer',0,NULL,'2026-02-26 02:15:21',NULL,NULL,0,NULL,NULL,NULL,NULL,NULL,0,1);
INSERT INTO "users" ("id", "name", "email", "password", "phone", "role", "is_verified", "profile_image", "created_at", "verification_token", "verification_token_expiry", "is_phone_verified", "reset_token", "reset_token_expiry", "verification_code", "verification_code_expiry", "two_factor_secret", "two_factor_enabled", "is_active") VALUES (10,'gjfhkhgjk','jkhjgklhgk@gmail.com','$2a$10$5SBZCXRovI9U1k9eH2HobewfX7eKCnGXaKywbYhDE6bXiN9.Itw5q','0934557686','customer',0,NULL,'2026-02-26 07:05:04',NULL,NULL,0,NULL,NULL,NULL,NULL,NULL,0,1);
INSERT INTO "users" ("id", "name", "email", "password", "phone", "role", "is_verified", "profile_image", "created_at", "verification_token", "verification_token_expiry", "is_phone_verified", "reset_token", "reset_token_expiry", "verification_code", "verification_code_expiry", "two_factor_secret", "two_factor_enabled", "is_active") VALUES (15,'kjookf','krety@gmail.com','$2a$10$Rgp7MoiBsaSjYO2XXido3OlRCMdiVWr41ut8P4ha8BZh16F0I7MTG','0943567899','customer',0,NULL,'2026-02-26 22:56:18',NULL,NULL,0,NULL,NULL,NULL,NULL,NULL,0,1);
INSERT INTO "users" ("id", "name", "email", "password", "phone", "role", "is_verified", "profile_image", "created_at", "verification_token", "verification_token_expiry", "is_phone_verified", "reset_token", "reset_token_expiry", "verification_code", "verification_code_expiry", "two_factor_secret", "two_factor_enabled", "is_active") VALUES (21,'huur','nhhdjdh@gmail.com','$2a$10$.3jVxkX4VfZPBSvrW7RR6uYm9ghGgWZJ7AtEIxW.og3GzLqN50HEe','0987654532','seller',1,NULL,'2026-02-26 23:12:41',NULL,NULL,0,NULL,NULL,NULL,NULL,NULL,0,1);
INSERT INTO "users" ("id", "name", "email", "password", "phone", "role", "is_verified", "profile_image", "created_at", "verification_token", "verification_token_expiry", "is_phone_verified", "reset_token", "reset_token_expiry", "verification_code", "verification_code_expiry", "two_factor_secret", "two_factor_enabled", "is_active") VALUES (22,'mil','jsrif@gmail.com','$2a$10$9rqi/RiouG.Mv31HvVux6OpJyuHHlmhdNyvdjLIBu8YHhDVOHz8Lu','0934768282','seller',1,NULL,'2026-02-26 23:15:32',NULL,NULL,0,NULL,NULL,NULL,NULL,NULL,0,1);
INSERT INTO "users" ("id", "name", "email", "password", "phone", "role", "is_verified", "profile_image", "created_at", "verification_token", "verification_token_expiry", "is_phone_verified", "reset_token", "reset_token_expiry", "verification_code", "verification_code_expiry", "two_factor_secret", "two_factor_enabled", "is_active") VALUES (23,'nke','dert@gmail.com','$2a$10$3KFp9cYIlZFv5kiZb9dex.VUk8AlYL8i6vA14YGPfHOKg7dpoZLpS','0935763859','seller',1,NULL,'2026-03-03 22:55:50',NULL,NULL,0,NULL,NULL,NULL,NULL,NULL,0,1);
INSERT INTO "users" ("id", "name", "email", "password", "phone", "role", "is_verified", "profile_image", "created_at", "verification_token", "verification_token_expiry", "is_phone_verified", "reset_token", "reset_token_expiry", "verification_code", "verification_code_expiry", "two_factor_secret", "two_factor_enabled", "is_active") VALUES (24,'hjgfj','jkjghf@gmail.com','$2a$10$k1qs5H89n6bAOgMU.QSMMOROHbgfyFD9he3t2s82iuFzILB5bb6Im','0934567370','customer',0,NULL,'2026-03-04 01:02:42','6acbdd11face323d15c776926e64fea24626e8f802ab0d19d693719262311a66','2026-03-05 01:02:43',0,'3bafb28b8ca69cce60239584d8573c2eca4cfe4bb25a7c971d2b0664352af2ca','2026-03-04 02:14:03',NULL,NULL,NULL,0,1);
INSERT INTO "users" ("id", "name", "email", "password", "phone", "role", "is_verified", "profile_image", "created_at", "verification_token", "verification_token_expiry", "is_phone_verified", "reset_token", "reset_token_expiry", "verification_code", "verification_code_expiry", "two_factor_secret", "two_factor_enabled", "is_active") VALUES (25,'mjkkjl','jk@gmail.com','$2a$10$PIIl6ygXD2lzeyGLrh4MyeD4RjLTOP9mCmHApU12YUczI.bGsOvVe','0945735674','customer',0,NULL,'2026-03-04 01:15:35','1c447d4359ccb689689fb1d6b69673c87dfb500e69c658fc8def0115d3c8abcd','2026-03-05 01:15:35',0,NULL,NULL,NULL,NULL,NULL,0,1);
INSERT INTO "users" ("id", "name", "email", "password", "phone", "role", "is_verified", "profile_image", "created_at", "verification_token", "verification_token_expiry", "is_phone_verified", "reset_token", "reset_token_expiry", "verification_code", "verification_code_expiry", "two_factor_secret", "two_factor_enabled", "is_active") VALUES (26,'huy','hffuf@gmail.com','$2a$10$scQE9w2GlpccBOKFxG4zJ.MyAee2DH72P.JbgifbUan50QUiXCkiG','0976865434','customer',0,NULL,'2026-03-04 06:45:42','8d8effb4ac098f2901041ef3c25d43dad95c87a1c3cbd997598e515730dfdff9','2026-03-05 06:45:43',0,NULL,NULL,NULL,NULL,NULL,0,1);
INSERT INTO "users" ("id", "name", "email", "password", "phone", "role", "is_verified", "profile_image", "created_at", "verification_token", "verification_token_expiry", "is_phone_verified", "reset_token", "reset_token_expiry", "verification_code", "verification_code_expiry", "two_factor_secret", "two_factor_enabled", "is_active") VALUES (27,'JHJ','gkkj@gmail.com','$2a$10$tC2hHVZqo1SPZfuIsO1mKOLRt8DblxbvFsvS1uMv8ejsLRdjR.Mmm','0976653423','seller',1,NULL,'2026-03-04 06:48:19','ddffd194c99315c94a63b42e3948c3cf1cb1964b175dae185a9804ad0ee8dd87','2026-03-05 06:48:19',0,NULL,NULL,NULL,NULL,NULL,0,1);
INSERT INTO "users" ("id", "name", "email", "password", "phone", "role", "is_verified", "profile_image", "created_at", "verification_token", "verification_token_expiry", "is_phone_verified", "reset_token", "reset_token_expiry", "verification_code", "verification_code_expiry", "two_factor_secret", "two_factor_enabled", "is_active") VALUES (28,'manjk','manak@gmail.com','$2a$10$PbOsUSPyCnp35ONNWUT90enrd/yznT4qegM.Nd1efoH9id2E5.kja','+251924473940','customer',0,NULL,'2026-03-10 09:17:55','82b01991a068f43a4d4a33721b042cd711f88d8b1e4a89e5b80c54299dee2ae2','2026-03-11 09:17:56',0,NULL,NULL,NULL,NULL,NULL,0,1);
/*!40000 ALTER TABLE "users" ENABLE KEYS */;
UNLOCK TABLES;

--
-- Dumping data for table "wallet_transactions"
--

LOCK TABLES "wallet_transactions" WRITE;
/*!40000 ALTER TABLE "wallet_transactions" DISABLE KEYS */;
INSERT INTO "wallet_transactions" ("id", "seller_id", "amount", "type", "status", "reference", "description", "created_at") VALUES (1,5,607.50,'credit','completed','TX-1773072171477-ywzij3hpbwp','Earnings from order #ORD-20260309-768','2026-03-09 17:25:32');
INSERT INTO "wallet_transactions" ("id", "seller_id", "amount", "type", "status", "reference", "description", "created_at") VALUES (2,5,607.50,'credit','completed','TX-1773071915588-f8s6fm4973a','Earnings from order #ORD-20260309-104','2026-03-09 17:25:32');
INSERT INTO "wallet_transactions" ("id", "seller_id", "amount", "type", "status", "reference", "description", "created_at") VALUES (3,5,607.50,'credit','completed','TX-1772763014804-hoar58kyjko','Earnings from order #ORD-20260309-217','2026-03-09 17:25:32');
INSERT INTO "wallet_transactions" ("id", "seller_id", "amount", "type", "status", "reference", "description", "created_at") VALUES (4,5,42011.10,'credit','completed','TX-1772867723921-8au9kjcvwxo','Earnings from order #ORD-20260309-773','2026-03-09 17:25:32');
INSERT INTO "wallet_transactions" ("id", "seller_id", "amount", "type", "status", "reference", "description", "created_at") VALUES (5,5,42011.10,'credit','completed','TX-1772868656096-1pvhnmetp3x','Earnings from order #ORD-20260309-215','2026-03-09 17:25:32');
INSERT INTO "wallet_transactions" ("id", "seller_id", "amount", "type", "status", "reference", "description", "created_at") VALUES (6,5,42011.10,'credit','completed','TX-1772869906419-994bjz772n4','Earnings from order #ORD-20260309-758','2026-03-09 17:25:32');
INSERT INTO "wallet_transactions" ("id", "seller_id", "amount", "type", "status", "reference", "description", "created_at") VALUES (7,5,607.50,'credit','completed','TX-1772871629362-lzja5ce4aff','Earnings from order #ORD-20260309-143','2026-03-09 17:25:32');
INSERT INTO "wallet_transactions" ("id", "seller_id", "amount", "type", "status", "reference", "description", "created_at") VALUES (8,5,607.50,'credit','completed','TX-1772871645560-no2bvd2tpzm','Earnings from order #ORD-20260309-443','2026-03-09 17:25:32');
INSERT INTO "wallet_transactions" ("id", "seller_id", "amount", "type", "status", "reference", "description", "created_at") VALUES (9,5,42011.10,'credit','completed','TX-1772872733290-5rbvokspouj','Earnings from order #ORD-20260309-786','2026-03-09 17:25:32');
INSERT INTO "wallet_transactions" ("id", "seller_id", "amount", "type", "status", "reference", "description", "created_at") VALUES (10,5,42011.10,'credit','completed','TX-1772873371724-rvgeu29xyh','Earnings from order #ORD-20260309-600','2026-03-09 17:25:32');
INSERT INTO "wallet_transactions" ("id", "seller_id", "amount", "type", "status", "reference", "description", "created_at") VALUES (11,5,42011.10,'credit','completed','TX-1772873678785-v0hkfw6408b','Earnings from order #ORD-20260309-644','2026-03-09 17:25:32');
INSERT INTO "wallet_transactions" ("id", "seller_id", "amount", "type", "status", "reference", "description", "created_at") VALUES (12,5,42618.60,'credit','completed','TX-1772955074560-njo8xc3tta','Earnings from order #ORD-20260309-419','2026-03-09 17:25:32');
INSERT INTO "wallet_transactions" ("id", "seller_id", "amount", "type", "status", "reference", "description", "created_at") VALUES (13,5,42618.60,'credit','completed','TX-1772955111130-wiqqdnfohlg','Earnings from order #ORD-20260309-165','2026-03-09 17:25:32');
INSERT INTO "wallet_transactions" ("id", "seller_id", "amount", "type", "status", "reference", "description", "created_at") VALUES (14,5,42011.10,'credit','completed','TX-1772989431709-zzcgivtkh3m','Earnings from order #ORD-20260309-570','2026-03-09 17:25:32');
INSERT INTO "wallet_transactions" ("id", "seller_id", "amount", "type", "status", "reference", "description", "created_at") VALUES (15,5,42011.10,'credit','completed','TX-1773038674571-ltpg0dau64','Earnings from order #ORD-20260309-354','2026-03-09 17:25:32');
INSERT INTO "wallet_transactions" ("id", "seller_id", "amount", "type", "status", "reference", "description", "created_at") VALUES (16,5,3037.50,'credit','completed','TX-1773070476433-p0cuej362ef','Earnings from order #ORD-20260309-061','2026-03-09 17:25:32');
INSERT INTO "wallet_transactions" ("id", "seller_id", "amount", "type", "status", "reference", "description", "created_at") VALUES (17,5,42011.10,'credit','completed','TX-1773071363953-5nr6mud9z2n','Earnings from order #ORD-20260309-241','2026-03-09 17:25:32');
INSERT INTO "wallet_transactions" ("id", "seller_id", "amount", "type", "status", "reference", "description", "created_at") VALUES (18,5,42011.10,'credit','completed','TX-1773071567991-hqf2rxvpqnd','Earnings from order #ORD-20260309-026','2026-03-09 17:25:32');
INSERT INTO "wallet_transactions" ("id", "seller_id", "amount", "type", "status", "reference", "description", "created_at") VALUES (19,5,42011.10,'credit','completed','TX-1773071671281-d5uc8l8p82','Earnings from order #ORD-20260309-407','2026-03-09 17:25:32');
INSERT INTO "wallet_transactions" ("id", "seller_id", "amount", "type", "status", "reference", "description", "created_at") VALUES (20,5,42011.10,'credit','completed','TX-1773075413024-iobjrhmcztd','Earnings from order #ORD-20260309-957','2026-03-09 17:25:32');
INSERT INTO "wallet_transactions" ("id", "seller_id", "amount", "type", "status", "reference", "description", "created_at") VALUES (21,5,607.50,'credit','completed','TX-1773076156926-igcudhm2gfm','Earnings from order #ORD-20260309-563','2026-03-09 17:25:32');
INSERT INTO "wallet_transactions" ("id", "seller_id", "amount", "type", "status", "reference", "description", "created_at") VALUES (22,5,607.50,'credit','completed','TX-1773076186189-o7zk3sld87','Earnings from order #ORD-20260309-944','2026-03-09 17:25:32');
INSERT INTO "wallet_transactions" ("id", "seller_id", "amount", "type", "status", "reference", "description", "created_at") VALUES (32,5,5677.00,'withdrawal','pending',NULL,'Withdrawal request','2026-03-10 05:22:58');
INSERT INTO "wallet_transactions" ("id", "seller_id", "amount", "type", "status", "reference", "description", "created_at") VALUES (33,5,5677.00,'withdrawal','pending',NULL,'Withdrawal request','2026-03-10 05:23:06');
INSERT INTO "wallet_transactions" ("id", "seller_id", "amount", "type", "status", "reference", "description", "created_at") VALUES (35,5,607.50,'credit','completed','ORD-26233330344','Earnings from order #ORD-26233330344','2026-03-10 07:03:55');
INSERT INTO "wallet_transactions" ("id", "seller_id", "amount", "type", "status", "reference", "description", "created_at") VALUES (36,5,42011.10,'credit','completed','ORD-26401057870','Earnings from order #ORD-26401057870','2026-03-10 07:06:48');
INSERT INTO "wallet_transactions" ("id", "seller_id", "amount", "type", "status", "reference", "description", "created_at") VALUES (37,5,42011.10,'credit','completed','ORD-26615580596','Earnings from order #ORD-26615580596','2026-03-10 07:10:16');
INSERT INTO "wallet_transactions" ("id", "seller_id", "amount", "type", "status", "reference", "description", "created_at") VALUES (38,5,607.50,'credit','completed','ORD-27198776459','Earnings from order #ORD-27198776459','2026-03-10 07:20:00');
INSERT INTO "wallet_transactions" ("id", "seller_id", "amount", "type", "status", "reference", "description", "created_at") VALUES (39,5,60000.00,'withdrawal','pending',NULL,'Withdrawal request','2026-03-10 07:46:27');
INSERT INTO "wallet_transactions" ("id", "seller_id", "amount", "type", "status", "reference", "description", "created_at") VALUES (40,5,467899.00,'withdrawal','pending',NULL,'Withdrawal request','2026-03-10 08:22:06');
INSERT INTO "wallet_transactions" ("id", "seller_id", "amount", "type", "status", "reference", "description", "created_at") VALUES (41,5,3477.00,'withdrawal','pending',NULL,'Withdrawal request','2026-03-10 08:24:30');
INSERT INTO "wallet_transactions" ("id", "seller_id", "amount", "type", "status", "reference", "description", "created_at") VALUES (42,5,42011.10,'credit','completed','ORD-34641637300','Earnings from order #ORD-34641637300','2026-03-10 09:24:03');
INSERT INTO "wallet_transactions" ("id", "seller_id", "amount", "type", "status", "reference", "description", "created_at") VALUES (43,5,42011.10,'credit','completed','ORD-35865649858','Earnings from order #ORD-35865649858','2026-03-10 09:44:25');
INSERT INTO "wallet_transactions" ("id", "seller_id", "amount", "type", "status", "reference", "description", "created_at") VALUES (44,5,607.50,'credit','completed','ORD-38934860939','Earnings from order #ORD-38934860939','2026-03-10 10:35:34');
INSERT INTO "wallet_transactions" ("id", "seller_id", "amount", "type", "status", "reference", "description", "created_at") VALUES (45,1,3509.97,'credit','completed','ORD-10250852859','Earnings from order #ORD-10250852859','2026-03-11 06:24:11');
/*!40000 ALTER TABLE "wallet_transactions" ENABLE KEYS */;
UNLOCK TABLES;

--
-- Dumping data for table "wishlist"
--

LOCK TABLES "wishlist" WRITE;
/*!40000 ALTER TABLE "wishlist" DISABLE KEYS */;
/*!40000 ALTER TABLE "wishlist" ENABLE KEYS */;
UNLOCK TABLES;
/*!40103 SET TIME_ZONE=@OLD_TIME_ZONE */;

/*!40101 SET SQL_MODE=@OLD_SQL_MODE */;
/*!40014 SET FOREIGN_KEY_CHECKS=@OLD_FOREIGN_KEY_CHECKS */;
/*!40014 SET UNIQUE_CHECKS=@OLD_UNIQUE_CHECKS */;
/*!40111 SET SQL_NOTES=@OLD_SQL_NOTES */;

-- Dump completed on 2026-03-11 15:21:18
